epoch,train_loss,val_loss,train_step_loss,val_step_loss,train_progress_loss,val_progress_loss,train_acc,val_acc,train_progress_mae,val_progress_mae
1,1.779489985534123,1.2585059329867363,1.67568482032844,1.173694685101509,0.10380517026143414,0.08481125999242067,0.41820212171970966,0.5862068965517241,0.2648652943649462,0.23975679278373718
2,1.48886667404856,1.144561544060707,1.4049020409584045,1.0639092028141022,0.08396462916529604,0.08065235195681453,0.5209380234505863,0.5818965517241379,0.24181852782411234,0.23776467144489288
3,1.4445826773132597,1.2003450989723206,1.3611674766455377,1.120112732052803,0.08341519827289241,0.08023237437009811,0.5332216638749302,0.5862068965517241,0.2404156146304948,0.23544426448643208
4,1.3868591721568788,1.1006426215171814,1.3067269772291183,1.0159531384706497,0.08013220470664757,0.08468947513028979,0.5494137353433836,0.5948275862068966,0.23438492976129055,0.24220636673271656
5,1.3511780223676138,1.1176255717873573,1.2723476652588164,1.0331324860453606,0.07883036129974894,0.08449307060800493,0.5728643216080402,0.5948275862068966,0.23141595348715782,0.24192613922059536
6,1.3061581062419074,1.2230065539479256,1.2273791645254408,1.139670617878437,0.07877893852336067,0.08333596400916576,0.5879396984924623,0.625,0.23174042494169303,0.23880219459533691
7,1.3319846700344766,1.11446662992239,1.2535167230027062,1.025216519832611,0.07846794377214142,0.08925011707469821,0.5555555555555556,0.5905172413793104,0.22991719017071383,0.2469528429210186
8,1.3265207963330405,1.0747684240341187,1.2474479196327073,0.9963683076202869,0.07907287423898067,0.07840010803192854,0.570072585147962,0.6206896551724138,0.23433474265038967,0.23031636141240597
9,1.2657331909452165,1.0530992858111858,1.188947214611939,0.972989946603775,0.07678598118945956,0.08010935690253973,0.592964824120603,0.6293103448275862,0.22728031687438488,0.23498642072081566
10,1.3072066945689065,1.315531648695469,1.229147763124534,1.2276018932461739,0.07805893290787935,0.08792976010590792,0.5661641541038526,0.5991379310344828,0.2329160775989294,0.2511669062077999
11,1.3332536539861135,1.116738148033619,1.2523945240037782,1.0335684269666672,0.08085912792012095,0.08316972525790334,0.5577889447236181,0.6077586206896551,0.23504214707229817,0.24340860731899738
12,1.2640172094106674,1.0998630672693253,1.1865044300045287,1.016854740679264,0.07751278313142913,0.08300833124667406,0.5879396984924623,0.6163793103448276,0.22897437906691007,0.2393667995929718
13,1.2343850071941103,1.100684404373169,1.157663609300341,1.0149123072624207,0.0767213941684791,0.08577210642397404,0.6002233389168062,0.646551724137931,0.22732948777931078,0.24435791745781898
14,1.2040801378233092,1.0705467984080315,1.1280673550707954,0.9832912907004356,0.07601278641128115,0.08725550910457969,0.615857063093244,0.6206896551724138,0.22579160199633666,0.24516372941434383
15,1.1897485224264008,1.1124620512127876,1.115301750600338,1.0241122618317604,0.07444676690335784,0.08834979217499495,0.6197654941373534,0.625,0.22080450558236667,0.2505774348974228
16,1.1427769043615885,1.107204109430313,1.0703420213290624,1.0193323530256748,0.07243488186837307,0.08787177130579948,0.632607481853713,0.6163793103448276,0.2200367660926921,0.25094806402921677
17,1.1300150996872358,1.0791505835950375,1.0578263061387199,0.996184803545475,0.0721887892245182,0.08296579075977206,0.6454494695700725,0.646551724137931,0.2184561975300312,0.24344148114323616
18,1.0986876785755157,1.0444672219455242,1.026923845921244,0.9580006822943687,0.07176382819722806,0.08646653592586517,0.6594081518704634,0.6293103448275862,0.21905982760446413,0.24687665700912476
19,1.0842092878052167,1.0670747384428978,1.011876490499292,0.9797490760684013,0.0723327905870974,0.08732564887031913,0.6599664991624791,0.6422413793103449,0.21774082284952914,0.24676250666379929
20,1.0713375200118338,1.0232261791825294,1.001557751425675,0.93585822917521,0.06977976845311266,0.08736795047298074,0.6644332774986041,0.6724137931034483,0.21279103415352957,0.25008235312998295
21,1.0994174097265517,1.0664940811693668,1.0295140477163451,0.9847225546836853,0.06990336167759129,0.08177152927964926,0.6359575656058069,0.6379310344827587,0.21384491877896444,0.23950346373021603
22,1.091401835637433,1.0587803535163403,1.0200131248150552,0.9635597839951515,0.07138870703056455,0.0952205746434629,0.644891122278057,0.6637931034482759,0.2149358724376985,0.2571255452930927
23,1.0377501866647176,1.0171928070485592,0.9688261917659214,0.9294654242694378,0.06892399636230298,0.0877273678779602,0.6733668341708543,0.6637931034482759,0.21112132471586978,0.24356642551720142
24,0.990270489028522,1.1204136870801449,0.9219837241939136,1.034866563975811,0.06828676696334567,0.08554711658507586,0.6917922948073701,0.6379310344827587,0.21028998653803552,0.24390969797968864
25,1.0680067028318132,1.008315272629261,0.997631844665323,0.9200584925711155,0.0703748617587345,0.08825677772983909,0.672250139586823,0.6767241379310345,0.21372569778135844,0.24790246039628983
26,1.13014198413917,1.0260731764137745,1.0551412243928229,0.9365246295928955,0.07500076007896236,0.08954855147749186,0.6147403685092128,0.646551724137931,0.22125272612486566,0.2512469496577978
27,1.0815549428973878,1.0737523511052132,1.0095888237868036,0.9761815741658211,0.07196612815771784,0.09757080068811774,0.649357900614182,0.5991379310344828,0.21731862292758056,0.25852916575968266
28,1.066442819578307,1.0337905809283257,0.9939651276384082,0.9395715817809105,0.07247769553214312,0.09421899961307645,0.6566164154103853,0.6077586206896551,0.21549192097570216,0.2548420522361994
29,1.037749164870807,1.1006104722619057,0.9657055746231761,1.0073890909552574,0.0720435953033822,0.0932213831692934,0.6571747627024009,0.6206896551724138,0.21462496263640268,0.2549803890287876
30,0.9715389854141644,1.0878975838422775,0.9006400832108089,0.9952062591910362,0.07089890173769423,0.09269131580367684,0.6873255164712451,0.6508620689655172,0.2139565949993474,0.2493062075227499
31,0.9533997678330967,1.0647822469472885,0.8842021386538234,0.9772170856595039,0.06919762472222958,0.08756515150889754,0.7001675041876047,0.6724137931034483,0.2111835934753929,0.23989344760775566
32,0.9326134217636926,1.108183816075325,0.8639428913593292,1.0212839394807816,0.06867053276593131,0.08689988311380148,0.6940256839754327,0.6336206896551724,0.20986705645918846,0.23818111419677734
33,0.9084912155355725,1.2046628072857857,0.8402027823030949,1.1159667000174522,0.06828842964023352,0.08869609981775284,0.705750977107761,0.5905172413793104,0.20979908002274378,0.2380395121872425
34,1.1857918266739165,1.2268912121653557,1.105897694826126,1.1359281614422798,0.07989412865468434,0.09096302324905992,0.5857063093243998,0.6422413793103449,0.23224638056542193,0.2579924091696739
35,1.1649842954107694,1.1280661895871162,1.084866582282952,1.04267930239439,0.08011771040037274,0.0853868992999196,0.620323841429369,0.6422413793103449,0.23570166129086698,0.2439231052994728
36,1.1019864582589693,1.2263866662979126,1.0243812224694662,1.1404625475406647,0.07760523958131671,0.08592412434518337,0.6320491345616974,0.5775862068965517,0.229239447042346,0.2429803740233183
37,1.0331998052341598,1.2839165851473808,0.9601551720074245,1.192905753850937,0.07304463548851865,0.09101083874702454,0.6621998883305416,0.5689655172413793,0.22158997958259924,0.2494097724556923
38,1.0046090930700302,1.266799844801426,0.9313152230211666,1.18227569013834,0.07329387270978518,0.08452415931969881,0.6744835287548855,0.5775862068965517,0.21998423843511514,0.24357610195875168
39,1.0347267144492693,1.1053104400634766,0.9621575325727463,1.0154603011906147,0.0725691770868642,0.08985013654455543,0.6582914572864321,0.6982758620689655,0.22034579355801856,0.2508201878517866
40,1.0213853833930833,1.253593623638153,0.9487792551517487,1.1660666167736053,0.07260612837438073,0.08752702316269279,0.6683417085427136,0.6120689655172413,0.22027941447283542,0.24817135371267796
41,1.0433819879378592,1.054901972413063,0.9712294489145279,0.9649536497890949,0.07215253915637732,0.08994831703603268,0.6638749302065885,0.6594827586206896,0.22024196226681983,0.2529908288270235
42,0.9562095456889698,1.0366984196007252,0.8855391666293144,0.9462311305105686,0.07067037553393415,0.09046727092936635,0.6940256839754327,0.6896551724137931,0.21646092965134553,0.25132089853286743
43,0.9091156444379261,1.109962422400713,0.8395790085196495,1.015452116727829,0.06953664010922823,0.0945103126578033,0.7130094919039642,0.6379310344827587,0.21180928471897328,0.2555855643004179
44,0.8786578199693135,1.077871199697256,0.8107444292732647,0.9876484759151936,0.06791339235912476,0.09022271307185292,0.7236180904522613,0.6379310344827587,0.20958438701927662,0.2500378768891096
45,0.8706946830664363,1.1322897840291262,0.8008745296725205,1.0432288832962513,0.06982015073299408,0.0890609067864716,0.7264098269123395,0.6206896551724138,0.21371379547885486,0.24717091210186481
46,0.8346907868981361,1.1360002234578133,0.767288829599108,1.04649106413126,0.06740195596856731,0.08950917795300484,0.7325516471245115,0.6594827586206896,0.209843406985913,0.24713677912950516
47,0.8347066342830658,1.0723268389701843,0.7660967516047614,0.9804980605840683,0.0686098823456892,0.09182879561558366,0.7325516471245115,0.6594827586206896,0.21203375181981496,0.2491324581205845
48,0.8890462810439723,1.0699044167995453,0.8204205940876689,0.9822242707014084,0.06862568602498088,0.08768014889210463,0.7152428810720268,0.6767241379310345,0.21251762418874673,0.2444270197302103
49,0.8984061820166451,1.0576332993805408,0.8302649440509933,0.9687946550548077,0.06814124315444912,0.08883862011134624,0.7113344500279174,0.6637931034482759,0.21310465703053133,0.24487359076738358
50,0.8454040544373649,1.1012653782963753,0.7779322245291301,1.0094721242785454,0.06747182764645134,0.09179324982687831,0.7269681742043551,0.603448275862069,0.21076265163719654,0.24891245365142822
51,0.8203555803213801,1.1550389751791954,0.7539032186780658,1.0630869790911674,0.0664523587828236,0.09195198956876993,0.7286432160804021,0.5991379310344828,0.2076811191758939,0.24762288480997086
52,0.7624319291540554,1.3226251192390919,0.6975241165075984,1.22873380407691,0.06490780785679817,0.09389133146032691,0.7481853713009492,0.5948275862068966,0.20527033800525324,0.2445732057094574
53,0.8570191391876766,1.09448579326272,0.7902996055781841,0.9944197945296764,0.06671953547213759,0.10006598103791475,0.72250139586823,0.6767241379310345,0.2075222416647843,0.2629618439823389
54,0.785191218235663,1.1830637827515602,0.7195125339286668,1.0877932272851467,0.06567868550441094,0.09527056384831667,0.7386934673366834,0.6508620689655172,0.2058101799339056,0.2524736225605011
55,0.7610754540988377,1.1509781740605831,0.6950304678508213,1.0534770861268044,0.06604498644758548,0.09750108746811748,0.7537688442211056,0.6724137931034483,0.20720248323466098,0.25483723171055317
56,0.7339945009776524,1.277206115424633,0.6694936550089291,1.1792549937963486,0.06450084690004587,0.09795112255960703,0.7610273590173088,0.6508620689655172,0.2043515116508518,0.2575585823506117
57,0.7366017587482929,1.2321254312992096,0.672791316573109,1.1305398344993591,0.06381044270736831,0.10158559586852789,0.7649357900614182,0.6551724137931034,0.2032721545547247,0.26317805238068104
58,0.7271536641887256,1.3624688647687435,0.662063113280705,1.2642118409276009,0.0650905522717429,0.09825704712420702,0.7627024008933556,0.646551724137931,0.20600449214024202,0.2577547747641802
59,0.7530816021774497,1.2829557731747627,0.6882404104939529,1.1903171390295029,0.06484119407832623,0.09263862390071154,0.7610273590173088,0.6551724137931034,0.20546275776411807,0.2472822666168213
60,0.7156827769109181,1.3550893552601337,0.6523323809461934,1.2517182379961014,0.06335039443469473,0.10337113356217742,0.7699609156895589,0.6724137931034483,0.20124028011092118,0.2597208358347416
61,0.7940542091216359,1.3376767113804817,0.7299011541264397,1.245725654065609,0.06415305373125843,0.09195106197148561,0.7582356225572306,0.6206896551724138,0.2035474708037717,0.2543037664145231
62,0.91755758864539,1.278080329298973,0.8458787048501628,1.1941276490688324,0.07167888412784253,0.08395266626030207,0.7169179229480737,0.6379310344827587,0.21721719285207136,0.23799661360681057
63,0.8046440705657005,1.3103278204798698,0.7359055610639709,1.220780573785305,0.06873851222917438,0.08954724902287126,0.7498604131769961,0.6594827586206896,0.2132855531360422,0.2460634745657444
64,0.7406598499843052,1.3434388600289822,0.6738875433802605,1.2448329329490662,0.06677230587229133,0.09860593546181917,0.7671691792294807,0.6551724137931034,0.20887985080480576,0.255403246730566
65,0.6994022482207843,1.5152905993163586,0.6329046125922885,1.4161163344979286,0.0664976375576641,0.09917423408478498,0.7800111669458403,0.6379310344827587,0.20869114037070954,0.25581150129437447
66,0.8459025286138058,1.342496581375599,0.7756567948630878,1.2512758001685143,0.07024573142241154,0.09122076537460089,0.7398101619207147,0.6293103448275862,0.21510143844144686,0.2473242674022913
67,0.7663420236536435,1.301489531993866,0.7008711557303157,1.2099069729447365,0.0654708631336689,0.0915825916454196,0.7582356225572306,0.646551724137931,0.20543876130666053,0.24807895720005035
68,0.7462217818413462,1.3730663172900677,0.6807323204619544,1.2749316059052944,0.06548945792019367,0.09813470439985394,0.7716359575656058,0.6379310344827587,0.20668919943273067,0.25269040279090405
69,0.6802845549370561,1.3269413337111473,0.6157046742737293,1.235028900206089,0.0645798803307116,0.09191243117675185,0.7800111669458403,0.6637931034482759,0.20424397795328073,0.24440195597708225
70,0.6479552244501454,1.4210935980081558,0.5838626836027417,1.3219733014702797,0.06409254104697279,0.09912029467523098,0.791178112786153,0.6767241379310345,0.20318452987287725,0.2550152651965618
71,0.6442211712045329,1.5339169427752495,0.5811382377786296,1.4320712313055992,0.06308293342590332,0.10184572637081146,0.7989949748743719,0.6336206896551724,0.20078719487147673,0.26189903169870377
72,0.7957158471856799,1.394424844533205,0.7306053454854659,1.302527092397213,0.06511049837406192,0.09189774375408888,0.7621440536013401,0.5905172413793104,0.20467624653662955,0.2489594016224146
73,0.7409605708505426,1.3188702464103699,0.6762094981968403,1.2182769477367401,0.06475107238761016,0.10059329168871045,0.7621440536013401,0.6293103448275862,0.2036216679428305,0.2660117167979479
74,0.7157353423535824,1.3961712010204792,0.6519183042858329,1.2961765229701996,0.06381704086171729,0.09999469434842467,0.7822445561139029,0.6120689655172413,0.2030894152287926,0.2641264460980892
75,0.6666834327791419,1.4646092765033245,0.6032162606716156,1.36306644231081,0.06346717250666448,0.10154281929135323,0.7934115019542155,0.6293103448275862,0.20117248302059515,0.2602752484381199
76,0.6266936558697905,1.407880149781704,0.5659679669354644,1.3078899644315243,0.06072568627340453,0.09999020490795374,0.8062534896705751,0.625,0.1957681030035019,0.2602592222392559
77,0.644638927919524,1.390873946249485,0.5838584883936814,1.2896775417029858,0.0607804403906422,0.10119641292840242,0.8090452261306532,0.6508620689655172,0.1969261078962258,0.25786601193249226
78,0.6341480357306344,1.4786886051297188,0.5719798574490207,1.378316044807434,0.062168178048783114,0.10037256730720401,0.8040201005025126,0.603448275862069,0.19844436272978783,0.26074814796447754
79,0.5667969770729542,1.4572499617934227,0.5067981071770191,1.3515176735818386,0.05999887076073459,0.10573230963200331,0.8313791178112786,0.6293103448275862,0.1943622018609728,0.2650788314640522
80,0.5331310310534069,1.479106992483139,0.47355189600161146,1.3682489804923534,0.059579134320041964,0.11085804086178541,0.8375209380234506,0.6379310344827587,0.1950225569307804,0.2769519779831171
81,0.5360676441341639,1.4611597433686256,0.4751722336347614,1.3551923036575317,0.06089541149724807,0.10596743412315845,0.8391959798994975,0.6336206896551724,0.19653072394430637,0.2672045435756445
82,0.6062902653855937,1.5202264115214348,0.5439579816801208,1.418794870376587,0.06233228270762733,0.10143154300749302,0.8112786152987158,0.603448275862069,0.19995846280029841,0.2591160610318184
83,0.5809823482164315,1.409744955599308,0.5190367815749986,1.310009278357029,0.061945566574909856,0.09973569307476282,0.820212171970966,0.646551724137931,0.197754439498697,0.25794835574924946
84,0.511422473937273,1.5050647258758545,0.4513416423329285,1.4058533385396004,0.06008083253566708,0.09921138267964125,0.8403126744835288,0.625,0.19541653910917894,0.2579789664596319
85,0.6587110427873475,1.517522867769003,0.5962548532656261,1.4252190291881561,0.06245619045304401,0.09230380831286311,0.7922948073701842,0.6594827586206896,0.20093617428626334,0.2461188491433859
86,0.5644990381385598,1.4643034860491753,0.5030828429652112,1.3649550266563892,0.061416197468393614,0.09934848733246326,0.8230039084310441,0.6810344827586207,0.19947936439088412,0.26010487601161003
87,0.5148063493626458,1.4758027233183384,0.45507811275976046,1.3799079805612564,0.05972823700202363,0.09589473670348525,0.8442211055276382,0.646551724137931,0.19532421843281814,0.25196776166558266
88,0.45321464724838734,1.491833209991455,0.39569342269429136,1.39074319973588,0.05752122475366507,0.10109000699594617,0.8632049134561698,0.6594827586206896,0.19043907869075025,0.25986745581030846
89,0.43325744063726496,1.6242323145270348,0.37729720265737604,1.5140804760158062,0.05596023644985897,0.11015181988477707,0.8699050809603573,0.6681034482758621,0.18622072067643916,0.26859211921691895
90,0.487867887531008,1.7757601775228977,0.4293794807578836,1.6697606518864632,0.05848840996623039,0.10599953820928931,0.8598548297040759,0.5948275862068966,0.1913890772100006,0.26412079855799675
91,0.4618694337883166,1.659744143486023,0.40130786863820894,1.5468391627073288,0.060561564518138766,0.11290500778704882,0.8626465661641541,0.5948275862068966,0.19489832328898565,0.2669960595667362
92,0.40825637722654,1.7146470248699188,0.35146791940288885,1.6016239300370216,0.056788460251742175,0.11302308272570372,0.8833054159687326,0.6206896551724138,0.18869923747011594,0.2673689220100641
93,0.38233205676078796,1.7284257151186466,0.32650651037693024,1.6165556535124779,0.05582554465425866,0.11187005508691072,0.897822445561139,0.625,0.18552984403712408,0.268879447132349
94,0.3602732265634196,1.7667554765939713,0.3042977534766708,1.6489717550575733,0.05597547351914857,0.11778369825333357,0.8961474036850922,0.625,0.18761829739170416,0.27251525968313217
95,0.3412186724266836,1.8415851183235645,0.28525640283312115,1.7217172235250473,0.05596227025879281,0.11986787943169475,0.9067560022333891,0.5905172413793104,0.18652774207293987,0.2716397438198328
96,0.3511227055319718,1.9738870821893215,0.29622191110891954,1.8532910756766796,0.054900793358683586,0.1205960363149643,0.9034059184812954,0.603448275862069,0.1842609332608325,0.27950672060251236
97,0.37600696672286305,1.9959193766117096,0.32049241808376144,1.8788898885250092,0.05551454996956246,0.1170294750481844,0.8922389726409827,0.5862068965517241,0.18527668022683688,0.27391935512423515
98,0.3770918822182076,1.9340673014521599,0.32167959013687714,1.8162292465567589,0.055412292979391556,0.11783802509307861,0.8905639307649358,0.5948275862068966,0.18510020883487804,0.27950828708708286
99,0.3884995015604155,1.9446412324905396,0.33210751534040484,1.8204801641404629,0.05639198422431946,0.12416111072525382,0.8877721943048577,0.6206896551724138,0.18837997091135808,0.2831544764339924
100,0.3806014260543244,1.9283229857683182,0.3251302077301911,1.815350890159607,0.05547121672758034,0.11297210911288857,0.8900055834729201,0.6379310344827587,0.18586569372564554,0.27075260132551193
101,0.4121392850897142,2.023021697998047,0.35549874803317444,1.9052604660391808,0.05664053685697062,0.11776123754680157,0.8855388051367951,0.6336206896551724,0.18859097680875234,0.27506951056420803
102,0.6006563622504473,1.7292010858654976,0.5388316017176423,1.6138845719397068,0.06182476219588092,0.11531650181859732,0.8291457286432161,0.6293103448275862,0.1972149203398398,0.2748371306806803
103,0.5374977067112923,1.5006471276283264,0.4762871636609946,1.389390803873539,0.06121054308355919,0.11125631723552942,0.8386376326074818,0.6681034482758621,0.19731870932238443,0.2638448737561703
104,0.4305359588137695,1.6387436762452126,0.371971688366362,1.5326059870421886,0.05856426984870008,0.10613768640905619,0.8749302065884981,0.6163793103448276,0.19281292919601714,0.25745859928429127
105,0.366402605548501,1.9067885130643845,0.30923227886004107,1.7980104461312294,0.05717032539126064,0.10877806693315506,0.9000558347292016,0.5689655172413793,0.1912447384425572,0.26493028551340103
106,0.5494445309575114,1.6157819330692291,0.48707511222788263,1.5204071253538132,0.062369420658797026,0.0953748133033514,0.8330541596873255,0.625,0.2003008560942752,0.2538646850734949
107,0.5093597647334848,1.7503597363829613,0.44786485391003744,1.6541628800332546,0.061494909559509585,0.09619683818891644,0.8442211055276382,0.5905172413793104,0.19890837983361312,0.2519415281713009
108,0.46196624876133036,1.6809567883610725,0.40046244992741514,1.5729817152023315,0.06150380102917552,0.10797504521906376,0.8587381351200447,0.6379310344827587,0.19735231277133738,0.2667973842471838
109,0.4533190109900066,1.6240224726498127,0.3931060752698353,1.5093953795731068,0.060212934988417795,0.11462707677856088,0.8581797878280291,0.6681034482758621,0.1944700891950301,0.27399756386876106
110,0.48121349034564836,1.838004320859909,0.4217621221074036,1.7243594154715538,0.05945136943565948,0.11364491237327456,0.8514796203238414,0.6163793103448276,0.19433760004384176,0.2762948293238878
111,0.577051510236093,2.0165785923600197,0.5150691417178938,1.909261167049408,0.06198236372854028,0.10731739550828934,0.835287548855388,0.5258620689655172,0.1983713371945279,0.2658358793705702
112,0.4872726619775806,1.8694055303931236,0.42467585472123964,1.7613686695694923,0.06259680758895618,0.10803686827421188,0.8464544946957008,0.5732758620689655,0.19892019778490067,0.27055403776466846
113,0.419273226122771,1.8705784976482391,0.35946935867624624,1.7567651271820068,0.059803866249110015,0.113813366740942,0.8682300390843104,0.5689655172413793,0.1935601428683315,0.27570584788918495
114,0.40326410957745146,2.022844523191452,0.34513932732599123,1.9053876549005508,0.058124783648444076,0.11745687061920762,0.88107202680067,0.5646551724137931,0.19062949238078936,0.2804157920181751
115,0.4603277774793761,1.9742685705423355,0.40164772713822977,1.8639139384031296,0.0586800494763468,0.11035463074222207,0.8548297040759353,0.5646551724137931,0.18996363026755198,0.2742174547165632
116,0.4513385671057871,1.9213199615478516,0.3936308656952211,1.8161001428961754,0.057707703073642085,0.105219807010144,0.8665549972082636,0.5818965517241379,0.18951191806367465,0.26472784392535686
117,0.47567445119576796,2.0997904911637306,0.4161093242998634,1.988285906612873,0.05956513145273285,0.11150459479540586,0.8659966499162479,0.5689655172413793,0.19308172472353494,0.27699386328458786
118,0.49859294428357054,2.085347443819046,0.43703631897057804,1.9749944731593132,0.06155662411557777,0.11035296460613608,0.8509212730318257,0.5905172413793104,0.1959353078688894,0.27614592388272285
119,0.39623705271099297,1.9484718516469002,0.3379626702517271,1.8420798182487488,0.058274381660989354,0.10639203665778041,0.8866554997208264,0.5905172413793104,0.19162114124212945,0.26612537540495396
120,0.37173603821013657,2.0064233765006065,0.31418059792901787,1.884950302541256,0.057555439815457375,0.12147303484380245,0.8900055834729201,0.5818965517241379,0.19045677169093064,0.28271255269646645
121,0.3576255299683128,2.0744851157069206,0.30058308664177147,1.9479652121663094,0.05704244512266347,0.12651991192251444,0.9028475711892797,0.5646551724137931,0.18839293931211745,0.2883110251277685
122,0.8145316828574453,1.9571408778429031,0.7483161155666623,1.857460930943489,0.06621556389810783,0.09967994363978505,0.757677275265215,0.5474137931034483,0.20431166567972728,0.26322608813643456
123,0.6298301432813916,1.9010751470923424,0.5647285585956914,1.7958615273237228,0.06510158435308508,0.10521361511200666,0.8101619207146845,0.5991379310344828,0.20339709280857018,0.2691917456686497
124,0.5349909362516233,1.9706265516579151,0.47274025343358517,1.8657803684473038,0.062250680822346895,0.10484620183706284,0.8531546621998883,0.5646551724137931,0.19747681330357278,0.2672012187540531
125,0.49240249847727163,2.084852986037731,0.43194788827427794,1.9768438413739204,0.06045460860644068,0.10800914745777845,0.8676716917922948,0.5474137931034483,0.1946283174412591,0.27087076380848885
126,0.4690155815333128,2.161962926387787,0.40824421654854504,2.047778382897377,0.06077136019510882,0.11418458726257086,0.8659966499162479,0.5818965517241379,0.19762245193123817,0.27931936271488667
127,0.45296921607639107,2.0816454887390137,0.39343700784125496,1.9638405740261078,0.059532207170767446,0.11780492542311549,0.8726968174204355,0.5387931034482759,0.1941949828927006,0.28599276579916477
128,0.44086167056645664,2.099643424153328,0.3822229988873005,1.9910592287778854,0.058638670415218384,0.10858418233692646,0.8671133445002792,0.5258620689655172,0.19244277051516942,0.2679857201874256
129,0.40812997919108185,2.0494711473584175,0.3505439007920878,1.9399299919605255,0.05758608105991568,0.10954115726053715,0.8888888888888888,0.5387931034482759,0.19024581808064664,0.27642590552568436
130,0.40963932206588133,2.148346282541752,0.3518530066524233,2.0377249382436275,0.057786317475672276,0.11062133871018887,0.8849804578447794,0.5344827586206896,0.19038392177649907,0.275720676407218
131,0.38993582954364164,2.073048360645771,0.3321677763015032,1.9642525240778923,0.05776805244386196,0.10879587335512042,0.8972640982691233,0.5818965517241379,0.1908029421631779,0.27276936173439026
132,0.39068361797503065,2.068355917930603,0.33372436969407965,1.9564461335539818,0.05695924877987376,0.11190975829958916,0.8855388051367951,0.5862068965517241,0.19003944657742977,0.2832255456596613
133,0.3570965818528618,2.1414393186569214,0.2994038388133049,2.039233349263668,0.05769274377131036,0.10220600431784987,0.9022892238972641,0.5517241379310345,0.1903745997697115,0.2689742222428322
134,0.3513666857033968,2.1860411316156387,0.29553912047828945,2.074942260980606,0.055827564194000194,0.1110988911241293,0.9101060859854829,0.5646551724137931,0.1860275635761874,0.28235595114529133
135,0.3904425318219832,2.4420789778232574,0.3332832758980138,2.328778326511383,0.0571592557576618,0.11330059636384249,0.8955890563930765,0.5258620689655172,0.18977309896477632,0.27861367352306843
136,0.36308181578559534,2.350711941719055,0.3073394216064896,2.232435092329979,0.055742394378674884,0.1182768396101892,0.9011725293132329,0.5387931034482759,0.18737030774354935,0.2814989276230335
137,0.3575936768736158,2.3145387694239616,0.30223066812115057,2.2043616473674774,0.05536300961726478,0.11017712019383907,0.9084310441094361,0.5344827586206896,0.18537002881722792,0.2746282685548067
138,0.2961313745805195,2.424363672733307,0.24178612910743272,2.3034977093338966,0.0543452449409025,0.1208659103140235,0.9279731993299832,0.5301724137931034,0.18411137695823396,0.28731813840568066
139,0.2913240979292563,2.4363023787736893,0.23629609003130878,2.318357326090336,0.05502800859643945,0.11794503312557936,0.9318816303740927,0.5301724137931034,0.18428729687418258,0.27494417503476143
140,0.3251757488719055,2.458150379359722,0.2686465872185571,2.343357674777508,0.05652916105464101,0.11479272274300456,0.9190396426577331,0.5431034482758621,0.18778587984187262,0.2713158279657364
141,0.43562001468879835,2.501732438802719,0.37772001485739437,2.397854946553707,0.0578999980352819,0.10387748386710882,0.8782802903405919,0.5517241379310345,0.1918027632470642,0.26903063990175724
142,0.4664461516908237,2.1358155831694603,0.40574451136801926,2.0321961417794228,0.06070163779492889,0.10361946374177933,0.8754885538805137,0.5818965517241379,0.1949810470853533,0.27482613548636436
143,0.40033540555409025,2.5157216787338257,0.3409759265237621,2.4139103442430496,0.059359478165528605,0.10181132005527616,0.8922389726409827,0.47413793103448276,0.19382119657737867,0.26295656710863113
144,0.5348904420222554,2.1153668463230133,0.4728707804211548,2.0131992548704147,0.06201966293156147,0.10216759005561471,0.836962590731435,0.5560344827586207,0.19771600301776612,0.2618771642446518
145,0.42537609301507473,1.9921713694930077,0.3648194202354976,1.8868196532130241,0.06055667184825454,0.10535173304378986,0.8816303740926856,0.5991379310344828,0.19629267044365406,0.26879033260047436
146,0.36930086995874134,2.0014045909047127,0.3103127758949995,1.908521831035614,0.05898809413026486,0.09288275241851807,0.9022892238972641,0.5948275862068966,0.19254697114229202,0.2536044903099537
147,0.3212019423288958,2.035965010523796,0.2642243640231235,1.936666063964367,0.056977577307926755,0.09929894283413887,0.9201563372417644,0.5991379310344828,0.19034257903695107,0.2646782845258713
148,0.2963498468909945,1.948912389576435,0.24003908557019063,1.8549333065748215,0.056310762252126424,0.09397905506193638,0.9218313791178113,0.603448275862069,0.18928170363817895,0.2558218948543072
149,0.29953014717570375,2.2352735847234726,0.24363421914832933,2.1361436992883682,0.05589593035568084,0.0991298989392817,0.9285315466219989,0.5646551724137931,0.18821761357997144,0.2607052605599165
150,0.3304353124861206,2.1879043877124786,0.2754454580800874,2.0858818143606186,0.05498985596932471,0.10202259477227926,0.9173646007816862,0.5775862068965517,0.18588392755814961,0.26571569591760635
151,0.2996568647878511,2.0242465808987617,0.24456903311823094,1.926862008869648,0.05508783206875835,0.0973846185952425,0.9285315466219989,0.6120689655172413,0.18536776463900292,0.2586802504956722
152,0.275165081157216,2.0239813029766083,0.21948398569864885,1.926087163388729,0.05568109479333673,0.0978941498324275,0.9346733668341709,0.6077586206896551,0.18728485809905188,0.2618108429014683
153,0.3039687257260084,2.3286744356155396,0.24717067554593086,2.223897486925125,0.05679804948158562,0.10477696405723691,0.9212730318257957,0.5344827586206896,0.19018123698021686,0.26324096508324146
154,0.3194442630878517,2.0680335611104965,0.263453044396426,1.958308607339859,0.05599121872468719,0.10972493328154087,0.9101060859854829,0.5560344827586207,0.18730337438838823,0.2745733391493559
155,0.29425765786852154,2.17188324034214,0.2385250184951084,2.0668445751070976,0.05573263870818274,0.10503867408260703,0.9235064209938582,0.6163793103448276,0.18504786557917083,0.270237909629941
156,0.42251960853380816,2.3952383920550346,0.366407043167523,2.2819072902202606,0.05611256629760776,0.1133311209268868,0.8866554997208264,0.5086206896551724,0.18587996238576515,0.26554702036082745
157,0.35099901471819195,2.1313041895627975,0.2927526043994086,2.0227813571691513,0.0582464108842292,0.10852280398830771,0.897822445561139,0.5517241379310345,0.18885649554431438,0.2671469748020172
158,0.2877111400344542,2.212374374270439,0.23316530351127898,2.0986784249544144,0.054545835458806584,0.11369596607983112,0.9240647682858738,0.5517241379310345,0.1835154542433364,0.2750476449728012
159,0.648758650092142,2.0788097232580185,0.5877128613314458,1.9767489433288574,0.061045786033251455,0.1020607384853065,0.8224455611390284,0.5862068965517241,0.1948521781180586,0.26657805405557156
160,0.5114857434694257,2.116501957178116,0.45143322699836325,2.0125994980335236,0.0600525134110025,0.10390245821326971,0.8481295365717476,0.5344827586206896,0.19430673042578356,0.26901840046048164
161,0.44068049426589695,2.184454172849655,0.3826213138444083,2.076554551720619,0.05805917902450476,0.1078996229916811,0.8833054159687326,0.5,0.18968882411718369,0.27173785865306854
162,0.42339783374752316,2.1134088784456253,0.36519404048366205,2.0075980871915817,0.058203791068600755,0.10581079684197903,0.8805136795086543,0.5689655172413793,0.18929895066789218,0.26965644024312496
163,0.4144315038408552,2.0402983725070953,0.35763924276190145,1.9310451000928879,0.05679226041372333,0.10925325751304626,0.8833054159687326,0.5862068965517241,0.18608250868107593,0.2687372248619795
164,0.35451191211385386,2.070013388991356,0.2982932504798685,1.9631042331457138,0.056218662299215794,0.10690914839506149,0.8939140145170296,0.5818965517241379,0.18612659137163842,0.26451344788074493
165,0.3249873488343188,2.0791512578725815,0.26884576871192883,1.9726267606019974,0.056141579789774756,0.10652448004111648,0.9061976549413735,0.5948275862068966,0.1857246881616967,0.2636400070041418
166,0.28049647701638086,2.103007286787033,0.22575601310070073,1.993390440940857,0.05474046361632645,0.10961684351786971,0.9229480737018425,0.5862068965517241,0.18357024581304618,0.2712254859507084
167,0.26681885309517384,2.0578987151384354,0.2125226855278015,1.9473523497581482,0.05429616617038846,0.1105463937856257,0.9324399776661083,0.5862068965517241,0.18322482705116272,0.2717449963092804
168,0.25063695731971947,2.166941359639168,0.19702799831117904,2.054688885807991,0.05360895887549434,0.11225245986133814,0.9363484087102177,0.5646551724137931,0.18080003532980168,0.27360472083091736
169,0.23669315382306064,2.1475587487220764,0.1837860389745661,2.0336280912160873,0.05290711428304868,0.11393067333847284,0.9408151870463428,0.5991379310344828,0.1798100878617593,0.2738737054169178
170,0.22297664784959384,2.1712917387485504,0.1704839378196214,2.060035467147827,0.0524927096308342,0.11125623900443316,0.9413735343383585,0.5905172413793104,0.1793418074292796,0.2679338902235031
171,0.22345408917005574,2.1898235231637955,0.17033169298831904,2.0804920196533203,0.05312239757872054,0.10933149047195911,0.9408151870463428,0.6120689655172413,0.18056563740330084,0.26700692996382713
172,0.22824749190892493,2.2414127439260483,0.1760725015109139,2.131803944706917,0.05217499182825642,0.10960882948711514,0.9475153545505304,0.5732758620689655,0.17814131932599203,0.26943922601640224
173,0.22024491761944123,2.271163836121559,0.1684039385457124,2.1637789011001587,0.051840979306559475,0.10738496342673898,0.9452819653824679,0.5905172413793104,0.17791259541575397,0.2636116109788418
174,0.2081298939883709,2.3035429269075394,0.1562258042395115,2.1952165961265564,0.05190408875101379,0.1083262930624187,0.949748743718593,0.5775862068965517,0.1781083264255098,0.26311710849404335
175,0.18796512777251856,2.2454470098018646,0.13645849503310664,2.1328752860426903,0.05150663084350526,0.11257170978933573,0.9581239530988275,0.5948275862068966,0.17727495796446288,0.2687967047095299
176,0.1801406326038497,2.474403738975525,0.13123204835158372,2.3612542152404785,0.04890858438531203,0.11314953397959471,0.9575656058068118,0.5603448275862069,0.17249879081334388,0.26962464675307274
177,0.23510157316923141,2.224660649895668,0.1838829798091735,2.1131179183721542,0.05121859319375029,0.11154271708801389,0.9408151870463428,0.6077586206896551,0.17657406189079797,0.26614206098020077
178,0.37029028218239546,2.1831947565078735,0.3156859791571541,2.0710062831640244,0.05460430492114808,0.11218847800046206,0.9000558347292016,0.5732758620689655,0.17978350764938764,0.26881125941872597
179,0.5756247977593115,2.126826636493206,0.5198549480576601,2.018302395939827,0.05576984833792916,0.10852421633899212,0.8553880513679508,0.5905172413793104,0.18703608507556574,0.2694924809038639
180,0.4405852955366884,2.0542596876621246,0.3816718630758779,1.947787493467331,0.058913436718285084,0.10647219000384212,0.8699050809603573,0.5689655172413793,0.19235204772225448,0.26368943229317665
181,0.3851503032658781,1.941043246537447,0.3286888583430222,1.8394968137145042,0.05646144459024072,0.10154642490670085,0.8972640982691233,0.625,0.18648577481508255,0.2601796668022871
182,0.41063324894223896,2.1588133573532104,0.35313744603523184,2.059263251721859,0.057495800545439124,0.09955011587589979,0.8888888888888888,0.5818965517241379,0.1894494289798396,0.25677039101719856
183,0.3338939635349171,2.1762112081050873,0.2779079493401306,2.0759483203291893,0.05598601246518748,0.10026285238564014,0.9134561697375768,0.6120689655172413,0.18687282369605132,0.2594362609088421
184,0.30109815605516943,2.1872267723083496,0.24632325568901642,2.086640626192093,0.054774899767445664,0.10058613773435354,0.9274148520379676,0.603448275862069,0.18579036103827612,0.25754217244684696
185,0.28302353913230555,2.180536486208439,0.22943293775564857,2.0828977301716805,0.053590602141671946,0.09763873927295208,0.9296482412060302,0.6206896551724138,0.18250941817781755,0.25657047517597675
186,0.25773939423795256,2.1768517792224884,0.20445512421429157,2.074106678366661,0.05328426829406193,0.10274510644376278,0.9408151870463428,0.6206896551724138,0.1821557211556605,0.2577986754477024
187,0.2394822516611644,2.2499754428863525,0.18771635202158773,2.156716339290142,0.05176589867499258,0.0932591212913394,0.943606923506421,0.6077586206896551,0.17885036021471024,0.24856501072645187
188,0.22134248127362557,2.2959197983145714,0.1705091239086219,2.1958298087120056,0.05083335706564997,0.10009004082530737,0.949748743718593,0.6120689655172413,0.1776895612212164,0.25715896114706993
189,0.21045877731272153,2.410389058291912,0.15981505318943942,2.3144496232271194,0.05064372402349753,0.09593947371467948,0.9553322166387493,0.5905172413793104,0.17630263630832946,0.25147932581603527
190,0.2044939006279622,2.378801591694355,0.1551209386172039,2.279983840882778,0.04937296121248177,0.09881774429231882,0.9575656058068118,0.6120689655172413,0.17465875138129508,0.2535403948277235
191,0.2359296888379114,2.2551512345671654,0.1855833737312683,2.160833463072777,0.05034631484055093,0.094317770563066,0.9430485762144054,0.6379310344827587,0.17618686413126333,0.24911452643573284
192,0.21160652382033213,2.272372603416443,0.1631339328762676,2.1726858392357826,0.04847259067797235,0.09968674974516034,0.9519821328866555,0.646551724137931,0.17240800322698696,0.25627013854682446
193,0.20464742835611105,2.340829759836197,0.15624972456134856,2.2439102083444595,0.048397702796916874,0.0969195794314146,0.9553322166387493,0.646551724137931,0.1731340219931943,0.25101868622004986
194,0.1827115203653063,2.411989212036133,0.13497909713935638,2.3158864080905914,0.04773242452314922,0.096102777402848,0.9614740368509213,0.6163793103448276,0.1695628110319376,0.2506435737013817
195,0.1673588225884097,2.4697585999965668,0.12048281256907753,2.366915799677372,0.0468760108841317,0.10284278960898519,0.9670575097710776,0.6077586206896551,0.1682692992367915,0.2547690346837044
196,0.1660668510677559,2.4696443676948547,0.11908872941109751,2.3634374141693115,0.04697812095816646,0.10620693676173687,0.9681742043551089,0.6120689655172413,0.16840693979923213,0.2630360797047615
197,0.1548771286117179,2.469459652900696,0.10992334550246596,2.369864761829376,0.04495378314251346,0.09959486639127135,0.9692908989391401,0.6293103448275862,0.16482312391911233,0.2559364289045334
198,0.14673664407538517,2.531286731362343,0.10204334909628544,2.4323476999998093,0.044693294779530594,0.09893905092030764,0.9720826353992184,0.6163793103448276,0.16419359363083327,0.25538708083331585
199,0.15847655705043248,2.5871541425585747,0.11505184239441794,2.4844422191381454,0.04342471495536821,0.1027119024656713,0.9687325516471245,0.603448275862069,0.16186153263385808,0.25781070813536644
200,0.1537762374084975,2.630070596933365,0.10998544808743256,2.531080514192581,0.0437907887556191,0.09899010928347707,0.9692908989391401,0.5991379310344828,0.16195062082260847,0.2563649360090494
201,0.1421484373775976,2.667511761188507,0.09907770955136844,2.567554146051407,0.043070728691028695,0.09995759837329388,0.9737576772752652,0.603448275862069,0.1605458939447999,0.2530757933855057
202,0.1625160351395607,2.7406676411628723,0.11798867766213204,2.6404188573360443,0.044527357211336493,0.10024883830919862,0.9681742043551089,0.603448275862069,0.162512262484857,0.2550628185272217
203,0.14713436970487237,2.609449326992035,0.10357196715527348,2.507454141974449,0.04356240248307586,0.10199518036097288,0.9754327191513121,0.6336206896551724,0.15994656006140368,0.25810970552265644
204,0.16052325848223908,2.67828768491745,0.11774726012455565,2.584898367524147,0.04277599895639079,0.09338928386569023,0.9687325516471245,0.6206896551724138,0.15909245889633894,0.24859510362148285
205,0.18008356115647725,2.655578598380089,0.13536609213666193,2.5481394976377487,0.044717468188277314,0.10743916500359774,0.96035734226689,0.603448275862069,0.16352599978979146,0.26428957283496857
206,0.1896097060026867,2.6988614946603775,0.1444259580956506,2.5909624993801117,0.04518374740811331,0.10789898643270135,0.9620323841429369,0.5732758620689655,0.16470122496996606,0.26397452875971794
207,0.25735313691464917,3.157345563173294,0.21181560863208557,3.0344384759664536,0.0455375292471477,0.12290709372609854,0.9469570072585148,0.4482758620689655,0.16325649273182666,0.28138298727571964
208,0.39312372223607134,2.772174634039402,0.34093059612704174,2.6497804671525955,0.05219312541053763,0.12239418877288699,0.8972640982691233,0.5474137931034483,0.17745715832071646,0.2832682691514492
209,0.2864663317533476,2.7786907702684402,0.238125581028206,2.6588507294654846,0.048340750292741826,0.11984007619321346,0.9274148520379676,0.5689655172413793,0.1726676950763379,0.28101971559226513
210,0.21677728689142636,2.8302158936858177,0.1697946029848286,2.717569336295128,0.04698268566945834,0.11264650244265795,0.9514237855946399,0.5517241379310345,0.16858545052153723,0.2744145281612873
211,0.18831160624644586,2.9384694695472717,0.14315852915335978,2.8272085413336754,0.04515307755874736,0.11126088351011276,0.9581239530988275,0.5603448275862069,0.16398140229284763,0.269255680963397
212,0.1822392980435065,2.957669824361801,0.1375102917663753,2.8407949432730675,0.04472900601103902,0.11687495280057192,0.9614740368509213,0.5387931034482759,0.16351518806602275,0.2761908285319805
213,0.267961945650833,2.8091310933232307,0.22124584198796324,2.7016301974654198,0.04671610512637666,0.10750086698681116,0.9385817978782803,0.5431034482758621,0.16638666497809546,0.26485754549503326
214,0.21027020750833408,2.966596633195877,0.16363158655752028,2.845816671848297,0.046638619720137546,0.12078000698238611,0.9503070910106086,0.5431034482758621,0.1673401634075812,0.2768384013324976
215,0.1748599504519786,2.8514865934848785,0.12861277874825255,2.7439653128385544,0.04624717143763389,0.10752126760780811,0.9581239530988275,0.5732758620689655,0.16750108929617064,0.26770136319100857
216,0.16729357905153716,2.8515264093875885,0.12201246738966022,2.740059420466423,0.04528111023163157,0.11146705970168114,0.9653824678950307,0.5689655172413793,0.16524693329951592,0.26838361844420433
217,0.15476239638935244,2.7909533232450485,0.11142640018702618,2.6784867644309998,0.04333599673451057,0.11246656207367778,0.9670575097710776,0.5689655172413793,0.16227920273584978,0.27041426859796047
218,0.1386363304087094,2.879002556204796,0.09562936521667455,2.7648696154356003,0.043006964859419634,0.114132946357131,0.9720826353992184,0.5905172413793104,0.16065101990742342,0.274217301979661
219,0.1739122435849692,2.901855617761612,0.1305603703616985,2.7818498015403748,0.043351873655670455,0.12000576220452785,0.9625907314349526,0.5862068965517241,0.16252303017037256,0.281190263107419
220,0.22308778084282363,3.0142312198877335,0.17735156107560865,2.8957466781139374,0.04573621807087745,0.1184845045208931,0.9519821328866555,0.5818965517241379,0.1653627147898078,0.27398256957530975
221,0.24244530858205898,3.1598745584487915,0.19494939728506974,3.0466514825820923,0.047495912361357896,0.1132230767980218,0.9357900614182021,0.5474137931034483,0.17076298328382628,0.26711118035018444
222,0.22288167516567878,3.2775469571352005,0.17730450849714025,3.162020966410637,0.04557716633592333,0.11552599119022489,0.9503070910106086,0.5517241379310345,0.16692293422030552,0.2726768646389246
223,0.16508792201057076,3.281631276011467,0.11947286012582481,3.1662562489509583,0.045615062749545486,0.11537506897002459,0.9670575097710776,0.5603448275862069,0.16568717387105739,0.2744856532663107
224,0.19813295959361962,3.2275945097208023,0.15405768911088152,3.102484032511711,0.04407527118123004,0.12511051632463932,0.9586823003908431,0.5301724137931034,0.16229373895164048,0.28110117837786674
225,0.2134149582790477,3.1776865869760513,0.16852753486351243,3.0501538664102554,0.04488742268378181,0.12753273826092482,0.9536571747627024,0.5517241379310345,0.16533081579421247,0.28154991567134857
226,0.19351087297712052,3.331992879509926,0.14820571140652256,3.206963375210762,0.04530516017361411,0.12502951174974442,0.9609156895589056,0.5043103448275862,0.16618400373096978,0.2806895077228546
227,0.17286767504577125,3.315223842859268,0.12849519684511637,3.1826944798231125,0.04437247963090028,0.13252937979996204,0.9609156895589056,0.521551724137931,0.16389710469437496,0.2913659103214741
228,0.14475315363545502,3.114183634519577,0.10221440641076437,2.999931290745735,0.04253874606053744,0.11425233306363225,0.972640982691234,0.5387931034482759,0.16027506680360862,0.27231054566800594
229,0.14896882085927896,3.1608817875385284,0.10522572380224508,3.038782387971878,0.04374309699051082,0.12209939025342464,0.9687325516471245,0.5474137931034483,0.16118930759174482,0.2817012630403042
230,0.13738173100032977,3.4142343997955322,0.09516514100999172,3.2909244894981384,0.04221659050589161,0.1233098623342812,0.972640982691234,0.5129310344827587,0.1584632153223668,0.27871897630393505
231,0.14110719884878822,3.361840605735779,0.10073810197146875,3.2468358874320984,0.04036909810799573,0.11500470247119665,0.9715242881072027,0.5387931034482759,0.15553658894662345,0.2703765518963337
232,0.12394493791673865,3.3927824646234512,0.0833382821043155,3.2710167467594147,0.040606655346761854,0.12176576489582658,0.9754327191513121,0.5431034482758621,0.15637142317635672,0.28205874748528004
233,0.12006008079541582,3.4147894382476807,0.07973514457366296,3.2953395545482635,0.040324936454583495,0.11944991629570723,0.9787828029034059,0.5301724137931034,0.1551199027204088,0.27517624758183956
234,0.18168876406603626,3.7166635990142822,0.13980648340657353,3.603975400328636,0.041882282721676996,0.112688182387501,0.9670575097710776,0.5172413793103449,0.158176552371255,0.269242150709033
235,0.2369290447926947,3.196780025959015,0.19119319974976992,3.073467254638672,0.04573584394529462,0.12331269634887576,0.9419318816303741,0.5258620689655172,0.16720282392842428,0.28169117867946625
236,0.18542366847395897,3.317774534225464,0.14084890092323935,3.1975771486759186,0.04457476725136595,0.12019741907715797,0.9609156895589056,0.5086206896551724,0.16407824281070912,0.2752851899713278
237,0.1484005352748292,3.206561118364334,0.10634368268906005,3.077475756406784,0.04205685295164585,0.12908534100279212,0.9631490787269682,0.5387931034482759,0.15897552629134484,0.2875392958521843
238,0.12149098741688899,3.400636836886406,0.08078517781437508,3.269182503223419,0.04070580930316022,0.1314543727785349,0.977107761027359,0.5,0.15552269188421114,0.2910868264734745
239,0.16840018072564686,3.124911531805992,0.12578301248140633,2.986262694001198,0.042617167179871886,0.13864885829389095,0.9631490787269682,0.5905172413793104,0.1592759019029992,0.29888517782092094
240,0.14282163618398563,3.399652048945427,0.09903734636359982,3.273288458585739,0.04378428958755519,0.1263636238873005,0.9731993299832495,0.5043103448275862,0.16030426868902786,0.2814697250723839
241,0.12053098549534168,3.170415624976158,0.07992439687118999,3.046581581234932,0.04060658958873579,0.12383400788530707,0.9782244556113903,0.5689655172413793,0.15493342599698476,0.2819032743573189
242,0.10855760225760085,3.5801855474710464,0.06902483208770198,3.4505106061697006,0.0395327708683908,0.1296749711036682,0.9810161920714685,0.5,0.15241658381585563,0.28769680857658386
243,0.11151802193905626,3.480240970849991,0.07133456525791969,3.3494403064250946,0.04018345708027482,0.13080066349357367,0.9838079285315466,0.47413793103448276,0.15348097642085382,0.2906150743365288
244,0.08986479243529695,3.4989059269428253,0.051182275637984276,3.3694778978824615,0.038682516514589746,0.12942806025967002,0.989391401451703,0.47413793103448276,0.1481826701866729,0.28615268878638744
245,0.09519396116957068,3.5962293595075607,0.05742508163010435,3.472990483045578,0.03776887947294329,0.12323887785896659,0.9860413176996091,0.47413793103448276,0.147701509163848,0.2824619375169277
246,0.08512067435575384,3.5030371099710464,0.04817049711709842,3.3739168643951416,0.03695017741327839,0.1291202842257917,0.9899497487437185,0.5129310344827587,0.1461273008691413,0.2864816300570965
247,0.08395430465627994,3.434273898601532,0.0478424908942543,3.302053466439247,0.03611181370381798,0.1322204302996397,0.989391401451703,0.5043103448275862,0.14471544631357705,0.2921461723744869
248,0.09306286381823677,3.5647308230400085,0.05639521759336016,3.437358573079109,0.03666764562616923,0.12737225648015738,0.9821328866554997,0.4870689655172414,0.14644280741257326,0.2883612345904112
249,0.08196560080562319,3.5807720720767975,0.04467983633678939,3.4514596313238144,0.03728576426926468,0.12931243376806378,0.9910664433277498,0.5301724137931034,0.14548192080110312,0.29186214692890644
250,0.07675222430511244,3.5678432285785675,0.04179995708234076,3.4361751079559326,0.03495226679037192,0.13166808243840933,0.9916247906197655,0.5344827586206896,0.14028406143188477,0.28859022445976734
251,0.07285851263441145,3.550176128745079,0.03721284953644499,3.4255717247724533,0.03564566293997424,0.12460440210998058,0.9905080960357342,0.5172413793103449,0.14265318454376288,0.28576973639428616
252,0.07830259895750455,3.5675644874572754,0.04345502320211381,3.4447014033794403,0.03484757547266781,0.12286308873444796,0.9882747068676717,0.521551724137931,0.14185420610010624,0.283445093780756
253,0.07181959083702948,3.496702805161476,0.03856889216694981,3.369538366794586,0.03325069880312575,0.12716439412906766,0.9910664433277498,0.5172413793103449,0.13821509201079607,0.2868752256035805
254,0.07584543260080474,3.6630640625953674,0.04240725170322029,3.5355562269687653,0.03343818070633071,0.12750784680247307,0.989391401451703,0.4827586206896552,0.13850982966167585,0.29116256535053253
255,0.07270657397540552,3.8714950680732727,0.040461931140660976,3.7450203001499176,0.03224464312994054,0.12647474464029074,0.989391401451703,0.4698275862068966,0.13466606847941875,0.2866445202380419
256,0.21312139628987228,3.573635682463646,0.1734041693603753,3.4350853860378265,0.039717227852504165,0.13855032995343208,0.9564489112227805,0.47844827586206895,0.15104045998305082,0.3016072865575552
257,0.23015590045335038,3.5869439840316772,0.18759282249292092,3.4722541868686676,0.042563077594552724,0.1146898316219449,0.9430485762144054,0.4353448275862069,0.15779851177441223,0.2789446972310543
258,0.2957535560375878,3.4877634048461914,0.2522426363346832,3.366458386182785,0.04351091704198292,0.12130502192303538,0.9246231155778895,0.5344827586206896,0.16162596004349844,0.2793666962534189
259,0.16058627609163523,3.592743918299675,0.11715083349762219,3.471952810883522,0.04343544226139784,0.12079118937253952,0.964824120603015,0.5129310344827587,0.16118224217955554,0.2848712783306837
260,0.14216782631618635,3.3788346648216248,0.09948471146968327,3.2629807144403458,0.042683114730087776,0.11585395969450474,0.9720826353992184,0.5086206896551724,0.15749994785125768,0.27812360040843487
261,0.13954707208488668,3.885896146297455,0.09743685421666928,3.7543573826551437,0.04211021796800196,0.13153870776295662,0.9709659408151871,0.4827586206896552,0.15831519477069378,0.2998967804014683
262,0.1316494907784675,3.746243968605995,0.09091505686020744,3.626949727535248,0.04073443416772144,0.1192942289635539,0.9743160245672808,0.5086206896551724,0.1549650083429047,0.277704818174243
263,0.16636616557038256,3.165930360555649,0.12350054710571255,3.054981604218483,0.04286561949577715,0.1109487060457468,0.9687325516471245,0.5301724137931034,0.15869808383286,0.27270665392279625
264,0.1333386158304555,3.6707740873098373,0.09235515849598284,3.555594712495804,0.04098345655282693,0.11517942463979125,0.9748743718592965,0.5129310344827587,0.15482837573758193,0.27993861213326454
265,0.08972040903089303,3.5201852917671204,0.04974442796083167,3.398946762084961,0.03997598154403802,0.12123854318633676,0.9849246231155779,0.5517241379310345,0.15328488179615565,0.2825206108391285
266,0.08367294299283198,3.456676110625267,0.04579301739743512,3.3393911495804787,0.03787992548729692,0.11728495266288519,0.9871580122836404,0.5862068965517241,0.1481779988056847,0.2822560630738735
267,0.24968426847564323,3.302094668149948,0.20648036345041224,3.1832191944122314,0.043203904127169936,0.11887544440105557,0.9486320491345617,0.5603448275862069,0.15862058169607604,0.28141457587480545
268,0.29412233284009354,2.913830026984215,0.24569017340296082,2.809527814388275,0.048432158738640804,0.10430221911519766,0.9363484087102177,0.5991379310344828,0.16867251082190446,0.2669117171317339
269,0.2903130840776222,2.8554229140281677,0.2418568605290992,2.7320728302001953,0.04845622424701495,0.12335001211613417,0.9229480737018425,0.5991379310344828,0.1695559439914567,0.2873583287000656
270,0.2315699548593589,2.989414691925049,0.1844188152213714,2.8777256309986115,0.047151141334325075,0.11168904043734074,0.9469570072585148,0.5603448275862069,0.1675460889403309,0.27471347711980343
271,0.15490375638806395,3.0439182072877884,0.11013607356497752,2.9257038831710815,0.04476768323885543,0.11821432737633586,0.9704075935231714,0.5301724137931034,0.16217203770897218,0.27561382576823235
272,0.12419523192303521,3.3303531408309937,0.08105806828409966,3.209875851869583,0.04313716325642807,0.12047730153426528,0.9798994974874372,0.47413793103448276,0.158866997808218,0.27929580211639404
273,0.09600192734173366,3.1912462413311005,0.054234901160400896,3.0786018818616867,0.04176702673014786,0.11264435341581702,0.9860413176996091,0.5301724137931034,0.15557558182626963,0.2704198304563761
274,0.08021895979930248,3.3028623908758163,0.04025565925569806,3.1861029267311096,0.03996330070575433,0.11675944877788424,0.9916247906197655,0.5129310344827587,0.15175699509148086,0.27554617263376713
275,0.0716135370145951,3.4098620116710663,0.03266339481342584,3.293055310845375,0.038950141918446333,0.11680673295632005,0.993858179787828,0.5086206896551724,0.1490399507539613,0.2725236676633358
276,0.07129309732200843,3.2624248564243317,0.033259733738045076,3.144582763314247,0.03803336360890951,0.11784201161935925,0.993858179787828,0.5603448275862069,0.14825174079409667,0.2783230412751436
277,0.06361568080527442,3.3789628595113754,0.02655254428308191,3.2624306678771973,0.03706313666355397,0.11653225217014551,0.9955332216638749,0.5344827586206896,0.14682584082973854,0.2750518284738064
278,0.059961721866524646,3.4923993051052094,0.024283851488559906,3.3718987107276917,0.035677870203341754,0.12050065491348505,0.9966499162479062,0.5301724137931034,0.14271755795925856,0.28310399502515793
279,0.056803370626377206,3.497110590338707,0.021837072808661366,3.380507156252861,0.034966298079650314,0.11660340148955584,0.9966499162479062,0.5474137931034483,0.14091298675962857,0.2727478574961424
280,0.054747083956109624,3.432981714606285,0.020692889329179058,3.315384656190872,0.034054194477253726,0.11759709659963846,0.998324958123953,0.5646551724137931,0.13901042672140257,0.2769831381738186
281,0.05546597241690116,3.7016575932502747,0.021432975922445103,3.583919793367386,0.03403299637804074,0.11773785203695297,0.9955332216638749,0.5301724137931034,0.14035917885069335,0.27868807315826416
282,0.05309035685578627,3.6596915125846863,0.019731996514435326,3.5362266451120377,0.033358360341350944,0.12346487119793892,0.9966499162479062,0.5387931034482759,0.1378075210377574,0.2859970983117819
283,0.051054905933727114,3.6866551488637924,0.01882966236111575,3.5620544850826263,0.032225243730603585,0.12460069544613361,0.9977666108319375,0.5517241379310345,0.13565209827252797,0.2843790128827095
284,0.05315779166163078,3.6745686382055283,0.020693422054007118,3.5593694001436234,0.03246436988203121,0.11519929161295295,0.9966499162479062,0.5603448275862069,0.1362005631838526,0.2737984471023083
285,0.04909092244426055,3.7028310000896454,0.016623811754730662,3.582962304353714,0.0324671105980607,0.1198686663992703,0.9977666108319375,0.5387931034482759,0.13480926770716906,0.2813311945647001
286,0.04713339165651372,3.6619721055030823,0.015863669936412146,3.539181873202324,0.03126972147064017,0.12279026955366135,0.9977666108319375,0.5517241379310345,0.13185480809105293,0.28751927614212036
287,0.17295078480882303,3.658143997192383,0.1359405183549305,3.536177098751068,0.03701026674493083,0.12196692265570164,0.96035734226689,0.4956896551724138,0.14557597387049878,0.28533873334527016
288,0.1508901930148048,3.936812102794647,0.11218042359022158,3.8108783215284348,0.03870976965741387,0.12593374866992235,0.9620323841429369,0.47413793103448276,0.14973774938178913,0.29192960262298584
289,0.12016670512301582,3.228360742330551,0.08172353784487184,3.113823965191841,0.03844316672932889,0.11453683814033866,0.977107761027359,0.5646551724137931,0.14874690105872496,0.27030049823224545
290,0.12151340009378535,3.512465938925743,0.08205125890838515,3.401051104068756,0.03946214051185442,0.11141482274979353,0.9759910664433278,0.5474137931034483,0.14976508210280112,0.26829031109809875
291,0.08225262138460364,3.5895556658506393,0.04588285059435293,3.4721663892269135,0.036369771630104096,0.11738926451653242,0.9888330541596874,0.521551724137931,0.14472295942583255,0.2761634439229965
292,0.11982708148259137,3.6281674802303314,0.08124278055038303,3.510773092508316,0.038584300982100625,0.11739437654614449,0.9765494137353434,0.5,0.1492999657722456,0.2797641418874264
293,0.08064173966912287,3.7932050079107285,0.04375757718558556,3.6731157153844833,0.03688416294088321,0.12008927669376135,0.9899497487437185,0.5,0.14712994572307384,0.28459202870726585
294,0.06193377865877535,3.5478507578372955,0.027563995461345518,3.4342164248228073,0.03436978322653366,0.11363433068618178,0.9944165270798436,0.5301724137931034,0.14015190409762518,0.27631158195436
295,0.05396198364906013,3.6465732902288437,0.020468330867255906,3.5302368849515915,0.033493652706965804,0.1163363978266716,0.9972082635399219,0.5172413793103449,0.13881403926227773,0.2790652606636286
296,0.05277179055181997,3.337300553917885,0.021843022109741077,3.2255241125822067,0.030928768084517548,0.11177643202245235,0.9972082635399219,0.5474137931034483,0.13379653210618667,0.2676673512905836
297,0.05080958971354578,3.376503601670265,0.01958352218415322,3.2615084797143936,0.03122606742129262,0.11499512568116188,0.9955332216638749,0.5474137931034483,0.13319094492388622,0.27552130818367004
298,0.04651814183619406,3.5554817616939545,0.015879786993277127,3.4358215779066086,0.03063835494685918,0.11966017028316855,0.998324958123953,0.5258620689655172,0.13241968982453858,0.28017590939998627
299,0.050207801695380895,3.7700568586587906,0.020668243440533324,3.655331164598465,0.029539558487678214,0.11472574062645435,0.9955332216638749,0.5086206896551724,0.1296293180701988,0.28188097663223743
300,0.04853363019148154,3.669969290494919,0.01805627134412394,3.5453058630228043,0.030477358577107743,0.1246633967384696,0.9966499162479062,0.5258620689655172,0.1327151996748788,0.2909992951899767
301,0.04544856399297714,3.6687653809785843,0.015591491155126798,3.549636587500572,0.029857072663227364,0.11912878509610891,0.9972082635399219,0.5258620689655172,0.13005179060356958,0.2815881296992302
302,0.039151919806110005,3.8199593126773834,0.011446366194702153,3.695482835173607,0.027705553536569432,0.12447647843509912,0.9988833054159687,0.5086206896551724,0.12491184579474586,0.28848615288734436
303,0.04223029498410012,3.7619981467723846,0.013733024889786196,3.6426054686307907,0.02849727015875812,0.11939260829240084,0.9977666108319375,0.5,0.12738538959196635,0.2782119642943144
304,0.04454914094614131,3.8403654247522354,0.015366291286357279,3.7208540588617325,0.029182849784514735,0.11951132584363222,0.9972082635399219,0.5086206896551724,0.12849769115980184,0.28163130953907967
305,0.04444121388119778,3.7977868020534515,0.01703216352533283,3.682281970977783,0.027409050364180336,0.11550479708239436,0.9977666108319375,0.5043103448275862,0.1235247879688229,0.27687228843569756
306,0.034857584263331125,3.989441007375717,0.009049465886034471,3.8711919486522675,0.025808118416794708,0.11824898980557919,0.9994416527079844,0.5043103448275862,0.12009407872600215,0.28017945028841496
307,0.03342503076419234,3.804932117462158,0.008301904788822867,3.6811149269342422,0.025123126106336713,0.12381723383441567,0.9988833054159687,0.5172413793103449,0.11822972553116935,0.2882590480148792
308,0.032175702774631124,3.9053125381469727,0.008153844666334667,3.7849541306495667,0.024021858066719557,0.12035841401666403,0.9988833054159687,0.521551724137931,0.11475968640297651,0.28511503152549267
309,0.031565562123432755,3.9053751081228256,0.007401893231352525,3.784039691090584,0.024163668709141866,0.12133542960509658,0.9988833054159687,0.5086206896551724,0.11495173549545663,0.2841084934771061
310,0.03561661074802812,4.001471862196922,0.01102222094985856,3.8739513754844666,0.02459438976698688,0.1275205323472619,0.998324958123953,0.5474137931034483,0.116588748326259,0.2907932326197624
311,0.09169758453832141,3.5996546298265457,0.06326621388143394,3.472636491060257,0.028431370172516575,0.12701812200248241,0.9810161920714685,0.5172413793103449,0.12438321579247713,0.28837166726589203
312,0.14082173058497055,3.214181661605835,0.10857190305666466,3.09449864923954,0.03224982846794384,0.11968304496258497,0.9692908989391401,0.5387931034482759,0.13440753905368702,0.285074844956398
313,0.40066389699599575,2.8199022114276886,0.3555900260273899,2.7044502794742584,0.04507386947183737,0.11545193661004305,0.9101060859854829,0.5689655172413793,0.16293577344289847,0.28198827989399433
314,0.2895446407741734,2.717475101351738,0.24369929198707854,2.5979103446006775,0.045845348720571825,0.11956474930047989,0.92071468453378,0.5862068965517241,0.16669046160365855,0.2863097097724676
315,0.2058550152661545,2.7015064656734467,0.1602753896066653,2.5745513513684273,0.045579626224935055,0.1269551059231162,0.9525404801786711,0.5948275862068966,0.1642263958762799,0.29080479219555855
316,0.16527950397825666,2.6472047567367554,0.12371387901449842,2.525304362177849,0.041565625329634974,0.12190044298768044,0.96035734226689,0.625,0.15700629180563347,0.292770192027092
317,0.1439381545143468,3.085473269224167,0.10123496748773116,2.962250590324402,0.04270318689356957,0.1232227124273777,0.9731993299832495,0.5603448275862069,0.1586299200675317,0.2896706163883209
318,0.16724490633766567,2.968763530254364,0.12743558741307684,2.854380615055561,0.03980931895785034,0.1143828984349966,0.9670575097710776,0.5818965517241379,0.15274775068142585,0.2805270738899708
319,0.10445127097357597,2.803842708468437,0.06640235228613685,2.672247976064682,0.03804891889116594,0.1315947538241744,0.9838079285315466,0.603448275862069,0.14937515250806296,0.29859503358602524
320,0.08165727675493274,2.860152631998062,0.044536909429422976,2.734473764896393,0.03712036753339427,0.12567885965108871,0.9905080960357342,0.5905172413793104,0.14752535841294698,0.2944803833961487
321,0.06948544919889953,2.862710788846016,0.03360017967809524,2.741396814584732,0.035885270119511654,0.12131399009376764,0.993858179787828,0.5905172413793104,0.14502008924526827,0.2841735351830721
322,0.05630339831779046,2.895546853542328,0.022769048635382205,2.772939145565033,0.03353434950778527,0.12260769214481115,0.9966499162479062,0.5862068965517241,0.138493870118899,0.28833005018532276
323,0.05297632013181491,2.950294405221939,0.020008078934292177,2.827881172299385,0.03296824097300747,0.12241324968636036,0.9972082635399219,0.5905172413793104,0.13832822455359356,0.2867518272250891
324,0.04797710584742682,2.9498410522937775,0.017140460208923156,2.8280021846294403,0.030836645413988402,0.1218388294801116,0.9966499162479062,0.5862068965517241,0.13331776271973336,0.2841965053230524
325,0.045070819822805266,3.0053971260786057,0.01499363613298296,2.8841130137443542,0.030077183585880057,0.12128412071615458,0.9977666108319375,0.5732758620689655,0.13160414514797075,0.2870942708104849
326,0.04695700202137232,2.8047564774751663,0.018165108236384446,2.6842853277921677,0.02879189370599176,0.12047115806490183,0.9966499162479062,0.6206896551724138,0.12793793875191892,0.28726206719875336
327,0.05146990443712899,2.984180599451065,0.0230482652633717,2.860272988677025,0.02842163901576506,0.12390765734016895,0.993858179787828,0.5991379310344828,0.12779788593096392,0.2927036229521036
328,0.04735353349574974,3.065197005867958,0.0190834078239277,2.944325178861618,0.02827012546393754,0.12087178463116288,0.9960915689558906,0.5603448275862069,0.1263944577159626,0.28830606304109097
329,0.039533907397916276,3.1218967139720917,0.013151833662829761,2.992069736123085,0.026382074059386338,0.12982697132974863,0.9977666108319375,0.5560344827586207,0.12222619860299996,0.29734603874385357
330,0.0373417562472501,3.0469319224357605,0.011067774017906882,2.9194196313619614,0.026273982067193304,0.1275122994557023,0.998324958123953,0.5862068965517241,0.12199995759874582,0.2937539666891098
331,0.03683058508405728,3.1454098522663116,0.011735016112132663,3.0199645161628723,0.02509556887006121,0.12544533237814903,0.9972082635399219,0.5732758620689655,0.11857904626854829,0.29225423373281956
332,0.03306768832927836,3.209533393383026,0.009122469610052317,3.0840917378664017,0.023945218850193278,0.12544164806604385,0.998324958123953,0.5775862068965517,0.11581933285508837,0.2903854176402092
333,0.03170162944921425,3.2740708589553833,0.00849148336107776,3.1478985995054245,0.023210146065269197,0.1261723143979907,0.9988833054159687,0.5689655172413793,0.11417072173207998,0.2899768650531769
334,0.029747077263891697,3.3075361400842667,0.007600637065479532,3.1824863106012344,0.022146440244146755,0.12504976335912943,0.9988833054159687,0.5517241379310345,0.11008850964052337,0.29022965766489506
335,0.029231888790880994,3.317524328827858,0.007370935220803533,3.1898003071546555,0.021860953520185182,0.12772398628294468,0.9988833054159687,0.5560344827586207,0.11066316547138351,0.2912822812795639
336,0.02814737195149064,3.384610176086426,0.007017985701427928,3.257631227374077,0.021129386183539673,0.1269788732752204,0.9994416527079844,0.5387931034482759,0.10843571621392455,0.2923501096665859
337,0.026522063616929308,3.4454018473625183,0.006503502054589002,3.3211561143398285,0.020018561427215382,0.12424570275470614,0.9994416527079844,0.5431034482758621,0.10575266342077937,0.29001071862876415
338,0.027272621252840117,3.5123933404684067,0.007513083511314887,3.387196868658066,0.019759537718657936,0.1251964531838894,0.9994416527079844,0.5301724137931034,0.1043340020946094,0.29226005263626575
339,0.025987811286800673,3.527182325720787,0.006577315299572157,3.4028188437223434,0.019410495887443955,0.12436347687616944,0.9994416527079844,0.521551724137931,0.10340456837522131,0.28891274705529213
340,0.027667518139683774,3.5915201157331467,0.008349182456316027,3.4498358070850372,0.019318335739496564,0.1416842993348837,0.998324958123953,0.5474137931034483,0.10292240897459644,0.3065932374447584
341,0.12230902033791478,3.288021966814995,0.09631133217252293,3.1664559841156006,0.025997688212165877,0.12156601762399077,0.9793411501954216,0.5344827586206896,0.11833874242646354,0.28347061201930046
342,0.20766245151337767,3.1566987931728363,0.17372115647387026,3.030402511358261,0.03394129466531532,0.12629630975425243,0.9486320491345617,0.5387931034482759,0.13686457781919412,0.29519219137728214
343,0.4694823681243828,2.582103967666626,0.419678484754903,2.46719890832901,0.049803884400586994,0.11490502581000328,0.8961474036850922,0.6120689655172413,0.1683339567056724,0.28347013890743256
344,0.2699225592826094,3.072268396615982,0.22442254184612206,2.9531664699316025,0.04550001813497927,0.11910192668437958,0.9391401451702959,0.5646551724137931,0.16262216599924223,0.28097574040293694
345,0.14962912563766753,2.620729774236679,0.11047146352939308,2.5061981230974197,0.03915766240762813,0.11453162133693695,0.966499162479062,0.5862068965517241,0.14992742227124317,0.27557611651718616
346,0.09254767931997776,2.7663602083921432,0.057011667639017105,2.655156657099724,0.03553601144813001,0.11120354756712914,0.9843662758235623,0.5474137931034483,0.14328204640852554,0.2730330117046833
347,0.077213109670473,2.820685461163521,0.04436350896555398,2.7096197307109833,0.032849600505349894,0.11106567643582821,0.9899497487437185,0.5775862068965517,0.13716255793614046,0.2731223367154598
348,0.061926329076024036,3.022006005048752,0.03015638514521665,2.9116386026144028,0.031769943706292124,0.11036739684641361,0.993858179787828,0.5474137931034483,0.13546801491507462,0.27137395925819874
349,0.06082169861266656,2.9856592267751694,0.030351633023071502,2.872333273291588,0.030470065672748854,0.1133259404450655,0.9927414852037968,0.5431034482758621,0.13106015045195818,0.2761257216334343
350,0.0502210590057075,2.906827226281166,0.02134727776033937,2.7924934774637222,0.0288737810083798,0.11433374555781484,0.9972082635399219,0.5387931034482759,0.12687375635973044,0.2758834920823574
351,0.04971545046594526,2.9538304954767227,0.021462235564415875,2.8413798809051514,0.028253215082388903,0.11245061084628105,0.9949748743718593,0.5387931034482759,0.12498025888843196,0.27449411153793335
352,0.04218838047901435,2.9879436790943146,0.014959275061430941,2.879010796546936,0.027229105405110334,0.108932935167104,0.9977666108319375,0.5387931034482759,0.12227291906518596,0.2688590046018362
353,0.03882726255272116,3.184408724308014,0.013119028760619196,3.0715411454439163,0.025708234004144157,0.11286752484738827,0.9977666108319375,0.5387931034482759,0.119330237885671,0.2725222446024418
354,0.03645386240844216,3.124992534518242,0.011483036360004917,3.0130588859319687,0.02497082597775651,0.11193361226469278,0.9988833054159687,0.5387931034482759,0.11740653323275703,0.27313539758324623
355,0.03616881716464247,3.2523814737796783,0.0115147667571104,3.146432712674141,0.02465405040753207,0.10594877228140831,0.9972082635399219,0.5301724137931034,0.11762703995087317,0.2705215308815241
356,0.03336497941719634,3.3122464269399643,0.009554650308148536,3.1987820863723755,0.02381032906539206,0.11346431728452444,0.9994416527079844,0.521551724137931,0.11512235166238886,0.27179624885320663
357,0.03284697563919638,3.2847113460302353,0.009932993532856926,3.175910919904709,0.022913982343327786,0.10880038514733315,0.9977666108319375,0.5172413793103449,0.11230691881584269,0.2730525881052017
358,0.03128101586896394,3.2760605961084366,0.009104503233434766,3.1646373867988586,0.02217651268334261,0.11142324283719063,0.998324958123953,0.5172413793103449,0.10992101233984743,0.26942991092801094
359,0.029805234550232335,3.285179451107979,0.008320402391421209,3.1676883697509766,0.021484832079815015,0.11749112047255039,0.9994416527079844,0.5301724137931034,0.10845031070389918,0.27790960669517517
360,0.028991625095451518,3.342985823750496,0.008249523305234365,3.231439396739006,0.0207421018941594,0.11154639767482877,0.9988833054159687,0.5301724137931034,0.10623111402881998,0.27110015228390694
361,0.026740590659236268,3.3628463596105576,0.006582074611547536,3.245845675468445,0.020158516043531045,0.11700072418898344,0.9988833054159687,0.5344827586206896,0.10411642930869545,0.2783990893512964
362,0.026504873580831503,3.4127370417118073,0.006875086407360088,3.298944741487503,0.01962978710486953,0.11379232071340084,0.9994416527079844,0.5258620689655172,0.10267419993345227,0.273383105173707
363,0.03063854560189481,3.368514358997345,0.010600212535272087,3.2593760937452316,0.02003833294812856,0.10913824941962957,0.9966499162479062,0.5172413793103449,0.10340710010911737,0.2686156537383795
364,0.0362208004974361,3.473285421729088,0.014829453497700993,3.3552647083997726,0.021391347000774528,0.11802067421376705,0.9972082635399219,0.5172413793103449,0.10558861161449126,0.2777246907353401
365,0.056786386212999265,3.3946749567985535,0.03407628179619288,3.271339789032936,0.022710104739027365,0.12333518266677856,0.9910664433277498,0.521551724137931,0.1107107780075499,0.28631458431482315
366,0.12632003433204123,3.117646709084511,0.09509077323101726,3.006312668323517,0.03122926114260086,0.11133406311273575,0.9748743718592965,0.5560344827586207,0.12979409098625183,0.2723868750035763
367,0.1291898900776037,3.4514146596193314,0.09853683716417956,3.3285017907619476,0.030653053445608487,0.12291290517896414,0.9715242881072027,0.5474137931034483,0.12880388993237699,0.2809764090925455
368,0.1158678992651403,3.2314120829105377,0.08462413163007503,3.1129555702209473,0.03124376785542284,0.11845652759075165,0.9759910664433278,0.5603448275862069,0.1308583694377116,0.28164733946323395
369,0.09081110870465636,3.402584359049797,0.06315009787379365,3.2836932688951492,0.027661010938962654,0.11889107245951891,0.9821328866554997,0.5862068965517241,0.1257233265787363,0.28162463568150997
370,0.06265851486075137,3.548550605773926,0.03547464499466254,3.4338865280151367,0.027183869454477514,0.11466398881748319,0.9899497487437185,0.5689655172413793,0.1235235727259091,0.2767089307308197
371,0.05018651904538274,4.045728474855423,0.024366179780502404,3.9233470261096954,0.025820339580864778,0.12238141987472773,0.9916247906197655,0.5387931034482759,0.12214013508387975,0.2909141965210438
372,0.04678808889418308,3.8321754038333893,0.02364671272308832,3.719040960073471,0.023141376025575613,0.11313441954553127,0.993858179787828,0.5689655172413793,0.1141196543883,0.2771546896547079
373,0.08752128478538777,3.5543568581342697,0.06322712592165251,3.4349333941936493,0.024294159607961774,0.11942349188029766,0.9838079285315466,0.5689655172413793,0.11724815956716027,0.2804769091308117
374,0.07724904150901628,3.8019797950983047,0.05329138968954794,3.68055859208107,0.023957652122979716,0.1214211592450738,0.9849246231155779,0.5258620689655172,0.1163857588544488,0.2858032304793596
375,0.11904895139325943,3.387439861893654,0.08904531577302675,3.266877666115761,0.03000363544560969,0.12056216690689325,0.9737576772752652,0.5387931034482759,0.1302461154492838,0.28064698353409767
376,0.13907437611903464,3.109650120139122,0.10715141714899801,2.9900823533535004,0.031922958608317585,0.11956772673875093,0.9637074260189838,0.5775862068965517,0.1340224938467145,0.2806692495942116
377,0.0916795655419784,3.0274008214473724,0.06206077925993928,2.9106625020504,0.029618786947269524,0.11673831101506948,0.9826912339475153,0.625,0.13065793804292167,0.27566798217594624
378,0.10182334954983421,3.181986004114151,0.07196671576821245,3.070605084300041,0.029856633943771676,0.11138093937188387,0.9882747068676717,0.5732758620689655,0.12961583398282528,0.26989237405359745
379,0.07254014157557062,3.3334617018699646,0.043231584173294584,3.2133022099733353,0.029308557510375977,0.12015942018479109,0.9910664433277498,0.5387931034482759,0.13032747233020409,0.28632937744259834
380,0.09731497429311275,3.1238501965999603,0.06788367482035287,3.014936864376068,0.029431300570390055,0.10891329776495695,0.9838079285315466,0.5689655172413793,0.13027334013687714,0.2719629779458046
381,0.08759917165817958,3.076953649520874,0.05918177099166704,2.960606336593628,0.02841740016758974,0.11634736135601997,0.9899497487437185,0.5862068965517241,0.1280694025169526,0.28248359076678753
382,0.08331429452768394,3.5520837754011154,0.052192183007718995,3.4529204219579697,0.031122111715376377,0.09916329849511385,0.9860413176996091,0.5344827586206896,0.13441406988671847,0.25936618261039257
383,0.07538670178369752,3.4138481467962265,0.04676230653421953,3.3065208792686462,0.028624395340947167,0.10732725448906422,0.9871580122836404,0.5862068965517241,0.1297948518767953,0.2698311936110258
384,0.058873804385906885,3.1428795605897903,0.03222300398296544,3.036691054701805,0.026650800386310687,0.10618848167359829,0.9916247906197655,0.5948275862068966,0.12417995118136917,0.2689524572342634
385,0.04265099506093455,3.1364650204777718,0.018079331735082502,3.0299893990159035,0.02457166336742895,0.10647561866790056,0.9966499162479062,0.6077586206896551,0.119670462927648,0.2644199449568987
386,0.0343630736959832,3.2072242498397827,0.011507624132458918,3.1032791137695312,0.022855449434635893,0.10394510626792908,0.998324958123953,0.5948275862068966,0.11466983971851212,0.26304762437939644
387,0.047116871657116075,3.45011405646801,0.02306316899401801,3.3422586768865585,0.02405370324517467,0.1078554056584835,0.9949748743718593,0.5818965517241379,0.11810685028987271,0.2675897106528282
388,0.036004920689655204,3.2067053392529488,0.012388824851119093,3.0984373167157173,0.023616095772013068,0.10826804582029581,0.9977666108319375,0.603448275862069,0.11607049525316272,0.2664575111120939
389,0.027789491727682098,3.2115050330758095,0.006735049275448546,3.1083082407712936,0.02105444232334516,0.10319682955741882,0.9994416527079844,0.6077586206896551,0.1094992726242968,0.2598171290010214
390,0.02593530824274889,3.222152791917324,0.006305904131815103,3.115821309387684,0.019629404198245277,0.10633141547441483,0.9994416527079844,0.6163793103448276,0.10535373698387827,0.26270356215536594
391,0.0251739215870787,3.207845650613308,0.005757903195834453,3.095740795135498,0.019416018455688442,0.11210481729358435,0.9994416527079844,0.6163793103448276,0.10393596813082695,0.2716356888413429
392,0.023230454635008106,3.2244756668806076,0.004272012378870775,3.1141277253627777,0.018958442279004624,0.11034793965518475,1.0,0.6163793103448276,0.10314899456820317,0.26810721680521965
393,0.022710728592106273,3.237066723406315,0.0045476633718603155,3.1306939646601677,0.01816306507680565,0.10637275781482458,0.9994416527079844,0.6163793103448276,0.09987314630831991,0.2616421617567539
394,0.020804767164268663,3.2574587911367416,0.0037270367829478346,3.1450725197792053,0.017077730502933264,0.11238627135753632,1.0,0.6120689655172413,0.09668851537363869,0.2727216836065054
395,0.020409345576938773,3.291761636734009,0.0038493671724739087,3.1820353642106056,0.01655997843148985,0.10972631629556417,0.9994416527079844,0.6077586206896551,0.09513631915407521,0.2704730127006769
396,0.01979356841184199,3.3524325489997864,0.0037871017630095594,3.2412311136722565,0.016006466766287173,0.11120142601430416,0.9994416527079844,0.603448275862069,0.09373030731720584,0.2696339972317219
397,0.019328467065601478,3.324815958738327,0.004059181723278016,3.2066848427057266,0.015269285225908138,0.118131167255342,0.9994416527079844,0.6120689655172413,0.09082783100062183,0.280508067458868
398,0.01925965300428548,3.318566843867302,0.0038393645736505277,3.2098436653614044,0.015420288512749332,0.10872313939034939,0.9994416527079844,0.6120689655172413,0.09199067285018307,0.2677605301141739
399,0.0184482773599614,3.29244901239872,0.003580561849438319,3.1797707229852676,0.014867715412817364,0.11267826147377491,0.9994416527079844,0.6120689655172413,0.08990992406117064,0.2740562129765749
400,0.01774701111883457,3.3572820127010345,0.0040543773523365545,3.2437561005353928,0.013692633772734553,0.113525933586061,0.9994416527079844,0.6077586206896551,0.08556207821571402,0.2716405689716339
401,0.01690160602863346,3.3535910099744797,0.0031904871804207297,3.2430607229471207,0.013711118796241603,0.11053026653826237,0.9994416527079844,0.6077586206896551,0.08626159673024501,0.2675135936588049
402,0.01675280067138374,3.416479989886284,0.003368252391477914,3.299164652824402,0.013384548198830868,0.11731530912220478,0.9994416527079844,0.603448275862069,0.08575475974274534,0.2781747914850712
403,0.017368063180973486,3.3530721962451935,0.0034215308312143733,3.24139666557312,0.013946532346640847,0.11167546734213829,0.9994416527079844,0.6120689655172413,0.08693686200838004,0.26813765056431293
404,0.01597951736766845,3.4075620770454407,0.0030936425100662746,3.3011475652456284,0.012885874877351202,0.10641456861048937,0.9994416527079844,0.5948275862068966,0.08405902017174023,0.2635282129049301
405,0.016030117287300527,3.329786866903305,0.0031115096582133056,3.217582732439041,0.012918607697689108,0.11220411770045757,0.9994416527079844,0.6120689655172413,0.08231479594750064,0.2698809541761875
406,0.03319593956361392,3.409148097038269,0.019907584530301392,3.2969511300325394,0.013288355124781706,0.11219700612127781,0.9960915689558906,0.603448275862069,0.0834995045193604,0.2714704666286707
407,0.11064637144694903,3.283905401825905,0.09005042370803754,3.1742249876260757,0.020595947396941483,0.10968040395528078,0.9798994974874372,0.5775862068965517,0.10737183078059129,0.2696345429867506
408,0.12879114391814386,3.2490808963775635,0.10005924835734602,3.130829706788063,0.02873189576036696,0.11825118865817785,0.9715242881072027,0.5948275862068966,0.12371350266039371,0.2869317438453436
409,0.1725353784526565,3.8459185361862183,0.1401671139922525,3.726083070039749,0.03236826432735792,0.11983547825366259,0.9592406476828588,0.5,0.13587843320731605,0.2834954112768173
410,0.13167029186817153,3.008704572916031,0.10045192736600127,2.896386355161667,0.031218366148615524,0.11231823731213808,0.9709659408151871,0.5948275862068966,0.1328638138781701,0.2760064862668514
411,0.1045726076034563,2.981328323483467,0.07484030555601098,2.8686057180166245,0.029732302612891153,0.11272253934293985,0.9759910664433278,0.5905172413793104,0.13118763001901762,0.27772578969597816
412,0.07708339609338768,2.974180817604065,0.048541356792806516,2.8604227006435394,0.028542039866027023,0.11375808855518699,0.9860413176996091,0.5905172413793104,0.12978752729083812,0.27812400832772255
413,0.08490323587985975,3.066494345664978,0.05622236521698402,2.9503463953733444,0.028680870908179452,0.11614788696169853,0.9804578447794529,0.5775862068965517,0.12830423164580548,0.2762673422694206
414,0.05951669609307179,3.2404380589723587,0.03397639406362681,3.1272005885839462,0.025540302191594883,0.11323749786242843,0.989391401451703,0.5517241379310345,0.12100306951573916,0.27308362908661366
415,0.05817669049637126,3.288270264863968,0.033511865179337165,3.180173769593239,0.02466482569330505,0.10809642495587468,0.9899497487437185,0.5775862068965517,0.12001224633838449,0.26736525632441044
416,0.06714835307294768,3.250208541750908,0.043655177956679836,3.125150814652443,0.023493174663079635,0.12505775969475508,0.9877163595756561,0.5431034482758621,0.11500914807298354,0.29851218312978745
417,0.051608371964123635,3.3843214958906174,0.028929305901069062,3.263339012861252,0.022679065803198943,0.12098246905952692,0.9927414852037968,0.5474137931034483,0.11396419376667057,0.2873968854546547
418,0.03897834986647857,3.746237635612488,0.018265492869042128,3.6237086951732635,0.02071285686854805,0.12252892507240176,0.9955332216638749,0.4956896551724138,0.10723071611885514,0.2896638549864292
419,0.027292816118071123,3.6450915038585663,0.008430903600778297,3.5229966938495636,0.018861912423744798,0.12209478858858347,0.9988833054159687,0.5258620689655172,0.10342344215938024,0.2857330273836851
420,0.024404125288128853,3.752764970064163,0.006746218038772765,3.629061311483383,0.01765790712254654,0.12370361667126417,0.9994416527079844,0.5258620689655172,0.09927411816482033,0.2901288215070963
421,0.025710723986516575,3.58530093729496,0.008854870620000708,3.4586149752140045,0.016855853193971728,0.12668596534058452,0.998324958123953,0.5043103448275862,0.0963192155717739,0.2929542362689972
422,0.021590530972129533,3.3944030106067657,0.005933421370822803,3.270681858062744,0.015657109491127943,0.12372117955237627,0.9988833054159687,0.5431034482758621,0.09232036922393101,0.2858280222862959
423,0.027387906082107553,3.4831014573574066,0.011712186512470777,3.3603541254997253,0.015675719710998237,0.12274735700339079,0.9960915689558906,0.5474137931034483,0.09213657623955182,0.29165589436888695
424,0.019860748101824095,3.6951886415481567,0.005480201952325713,3.5697619020938873,0.014380546161971455,0.1254267282783985,0.9994416527079844,0.521551724137931,0.08851633353957108,0.2952721416950226
425,0.01776729477569461,3.632897138595581,0.0045453903252824345,3.5078710168600082,0.01322190448575254,0.12502610217779875,0.9994416527079844,0.521551724137931,0.08456961757370404,0.2939169090241194
426,0.02445475385424548,3.512405142188072,0.010531790636637848,3.3865682184696198,0.013922963083522128,0.12583689158782363,0.9972082635399219,0.5431034482758621,0.08662218334419387,0.2946579810231924
427,0.02103780268225819,3.547995924949646,0.007575978942830781,3.4273591488599777,0.013461823799713914,0.12063678819686174,0.998324958123953,0.5603448275862069,0.08557079233495253,0.2883977796882391
428,0.01622112891969404,3.6932795643806458,0.0038389996698242612,3.5684848725795746,0.012382129207253456,0.12479466246441007,0.9994416527079844,0.5344827586206896,0.08151924324088863,0.2908529080450535
429,0.014778368915098586,3.60767725110054,0.00318623011636581,3.481446534395218,0.011592138691672258,0.12623069854453206,1.0,0.5431034482758621,0.07908981466399771,0.2936439551413059
430,0.01402123152677502,3.650049477815628,0.002916317578118261,3.523455247282982,0.011104913927348596,0.1265942114405334,1.0,0.5387931034482759,0.07750673605395215,0.29296785965561867
431,0.013097949010053915,3.6054786443710327,0.0024587730845918748,3.4812971353530884,0.010639175905713014,0.12418152671307325,1.0,0.5517241379310345,0.07559348456561565,0.29239234142005444
432,0.012880437425337732,3.7062524259090424,0.0026983815051997745,3.5786076486110687,0.010182055885837014,0.12764472467824817,1.0,0.5344827586206896,0.07372464113203543,0.2963361591100693
433,0.012728370933993054,3.7153180539608,0.002503892643809585,3.5893762707710266,0.010224478369179581,0.12594180088490248,0.9994416527079844,0.5387931034482759,0.07394121407664248,0.293014582246542
434,0.012326316483917512,3.7028034329414368,0.0028815204324408633,3.572494328022003,0.0094447959937887,0.13030908210203052,1.0,0.5560344827586207,0.07064114683972937,0.30029165744781494
435,0.014492145606449671,3.8843380212783813,0.003970244975269972,3.7585724592208862,0.010521900574011462,0.12576560862362385,0.9988833054159687,0.521551724137931,0.07333183714321681,0.29428529739379883
436,0.022339324300576533,3.5834578573703766,0.011055541343271866,3.46044260263443,0.011283782934437372,0.12301530269905925,0.9972082635399219,0.5603448275862069,0.07514702096315366,0.2907445803284645
437,0.013782512729189225,3.635224163532257,0.003770977327284137,3.502326160669327,0.010011535387353174,0.13289804244413972,0.9988833054159687,0.5474137931034483,0.07152639236301184,0.29955154098570347
438,0.012999382551892527,3.7704615592956543,0.003251373531903872,3.6359061300754547,0.00974800911665495,0.13455540500581264,0.9994416527079844,0.5517241379310345,0.07068571874073573,0.30164193361997604
439,0.01160367633981098,3.7651011645793915,0.0021533816855350907,3.6434208750724792,0.009450294676103763,0.12168028531596065,1.0,0.5431034482758621,0.07025126201499786,0.2864842116832733
440,0.011260179536683219,3.7692098319530487,0.0020693852774067117,3.6410831809043884,0.009190794292538027,0.12812665617093444,1.0,0.5603448275862069,0.06941231513129813,0.29550306126475334
441,0.010841124034154095,3.89981010556221,0.002502917127588132,3.770018219947815,0.00833820689253376,0.12979189027100801,0.9988833054159687,0.5344827586206896,0.06568950148565429,0.29687497206032276
442,0.009820190387212538,3.812905728816986,0.0020196533083175643,3.6810556054115295,0.007800537095006023,0.13185010524466634,1.0,0.5646551724137931,0.06259418624852385,0.29836827516555786
443,0.010059680502828476,3.7949616611003876,0.0026039551952895374,3.6677363514900208,0.007455725226983694,0.12722530495375395,0.9994416527079844,0.5517241379310345,0.06141309440135956,0.29361985437572
444,0.011275628739635326,3.7735180854797363,0.0038597702218144798,3.645576760172844,0.007415858417516574,0.12794125359505415,0.9988833054159687,0.5517241379310345,0.06147790520585009,0.29497006349265575
445,0.009158302597435457,3.7876202166080475,0.0017813310706904823,3.65754634141922,0.007376971546494003,0.13007380766794086,1.0,0.5603448275862069,0.06088307785934636,0.2984312195330858
446,0.009262205284487988,3.8073466420173645,0.0019098922831679893,3.6745550334453583,0.00735231301431278,0.13279164023697376,1.0,0.5517241379310345,0.061365797250930755,0.29751554504036903
447,0.008384092444820064,3.801222175359726,0.0015993179196292268,3.674656718969345,0.006784774533506217,0.12656547036021948,1.0,0.5646551724137931,0.059330148356301446,0.2917963042855263
448,0.008266944022450064,3.8006915748119354,0.001719923256002533,3.670154631137848,0.006547020746178792,0.1305368784815073,1.0,0.5560344827586207,0.056690351837979894,0.29655245691537857
449,0.008329812312565212,3.8266395330429077,0.001582623367929565,3.6954492032527924,0.006747188936320266,0.131190306507051,1.0,0.5646551724137931,0.058887985069304705,0.29616389237344265
450,0.008304351928278006,3.868229776620865,0.0022965530835270848,3.740605652332306,0.006007798818505502,0.12762416852638125,0.9994416527079844,0.5560344827586207,0.054490374002073495,0.29331282526254654
451,0.007769381519340511,3.8917538821697235,0.0019775899880707065,3.759345203638077,0.005791791490212615,0.1324086207896471,0.9994416527079844,0.5689655172413793,0.053046891399260075,0.30011977441608906
452,0.0070070084808061695,3.9206475019454956,0.0013921658308910473,3.786392241716385,0.005614842622890137,0.13425523322075605,1.0,0.5689655172413793,0.05197648138606122,0.29919680766761303
453,0.007385159595287405,3.912590205669403,0.0017357925961342907,3.7797839045524597,0.005649366996034847,0.13280630856752396,0.9994416527079844,0.5818965517241379,0.0523059781574245,0.3016594834625721
454,0.00700303609067175,3.8849255740642548,0.0014763590271676158,3.7455815076828003,0.005526677048432508,0.1393440617248416,1.0,0.5732758620689655,0.051847922815276046,0.30682273209095
455,0.08231538480945996,3.647633209824562,0.06958603277754653,3.4924404323101044,0.012729352086483101,0.15519274957478046,0.9821328866554997,0.5172413793103449,0.07504236605018377,0.32080866396427155
456,0.27490991299107137,3.6667386293411255,0.2373749096420527,3.544030785560608,0.037535006080621054,0.1227078502997756,0.9346733668341709,0.5732758620689655,0.1444641568564943,0.290767602622509
457,0.27317186624609996,2.916370213031769,0.2309936083620414,2.7889656871557236,0.042178257035889795,0.12740451656281948,0.9424902289223898,0.5689655172413793,0.15786457381078176,0.2964484617114067
458,0.1396060991100967,3.1581968665122986,0.1047756248652669,3.0434535294771194,0.034830474627337286,0.11474333610385656,0.9709659408151871,0.5474137931034483,0.14486723725817033,0.2795835882425308
459,0.09862071967550687,3.3829110264778137,0.06850215890777431,3.2568162381649017,0.03011856139970145,0.12609478691592813,0.9798994974874372,0.5301724137931034,0.13422526884824038,0.2964566722512245
460,0.07221445121935435,3.4346750378608704,0.045852918938700374,3.3197472989559174,0.02636153214345021,0.11492773797363043,0.9854829704075935,0.5172413793103449,0.12476185735847269,0.28424461372196674
461,0.04747360542283526,3.643896222114563,0.024529265910262308,3.52883979678154,0.022944339284939424,0.11505641229450703,0.9955332216638749,0.5258620689655172,0.11655623146465846,0.28079074807465076
462,0.05827547872572073,3.584143802523613,0.03494869223712677,3.4709552526474,0.023326786268236383,0.11318860109895468,0.9927414852037968,0.5646551724137931,0.11591366452297994,0.2775539867579937
463,0.09899317283582475,3.3665834069252014,0.0745829089511452,3.2454689890146255,0.02441026463306376,0.1211144682019949,0.983249581239531,0.5603448275862069,0.1199071601565395,0.28691104985773563
464,0.08368168485217861,3.355635851621628,0.057521444246439,3.240859180688858,0.026160239840724638,0.11477668723091483,0.9843662758235623,0.5991379310344828,0.12291321357978242,0.27956208027899265
465,0.0935816787449377,3.444839596748352,0.06489688728054586,3.3357789516448975,0.028684790795003728,0.10906061343848705,0.9865996649916248,0.5517241379310345,0.12584401879991805,0.2690865434706211
466,0.050738967306512804,3.3128624856472015,0.02625998144919452,3.2044403702020645,0.024478985578753054,0.10842206794768572,0.9910664433277498,0.5646551724137931,0.11908263540161508,0.26498444750905037
467,0.04630627243646553,3.45152947306633,0.022882180964058665,3.33745376765728,0.0234240916491087,0.11407571565359831,0.9960915689558906,0.5732758620689655,0.1160361370337861,0.2726648785173893
468,0.029630368209577033,3.582321271300316,0.008534312436365456,3.4695842564105988,0.021096055695254887,0.11273703491315246,0.9988833054159687,0.5517241379310345,0.11190751234867743,0.2724782917648554
469,0.023377659264951944,3.5076617896556854,0.004842013230830032,3.3898337185382843,0.018535645936416194,0.11782803572714329,1.0,0.5646551724137931,0.10331716774297613,0.28091766871511936
470,0.021782052237540483,3.584465354681015,0.004611091567702326,3.4675241112709045,0.017170960632418946,0.1169411800801754,0.9994416527079844,0.5560344827586207,0.1006963960826397,0.27748685516417027
471,0.02037553086743823,3.5513084083795547,0.004303823091114671,3.4361067712306976,0.016071707791914896,0.11520166881382465,1.0,0.5560344827586207,0.09685963405562299,0.27498225308954716
472,0.018351918352501734,3.5503032505512238,0.0035358271603139917,3.428868353366852,0.014816091179714672,0.121434953995049,1.0,0.5560344827586207,0.0922347397676536,0.2823472321033478
473,0.01777748071721622,3.594705879688263,0.003476887365000688,3.4768186658620834,0.014300593374563115,0.11788717657327652,0.9994416527079844,0.5517241379310345,0.09079023237739291,0.2785123195499182
474,0.016188486479222775,3.625507816672325,0.0030435620480732594,3.5045430958271027,0.013144924438425474,0.12096474785357714,0.9994416527079844,0.5474137931034483,0.08610339589150888,0.2837678864598274
475,0.015546377981081605,3.601592242717743,0.0029773561514697838,3.478738784790039,0.012569021766207047,0.1228534858673811,1.0,0.5603448275862069,0.08347164234146476,0.28472016751766205
476,0.015683376330084035,3.636939138174057,0.0031286394265147726,3.510442554950714,0.012554736866150051,0.12649659626185894,0.9994416527079844,0.5517241379310345,0.08474895684048533,0.29092094860970974
477,0.014449155806297702,3.6026747077703476,0.0029489017116637634,3.476963758468628,0.011500254065530109,0.12571100890636444,0.9994416527079844,0.5517241379310345,0.08001148015526789,0.28898580372333527
478,0.013651264324185572,3.590752750635147,0.0027926321501061985,3.4584356546401978,0.010858632183434176,0.13231714349240065,1.0,0.5431034482758621,0.07761739613488317,0.29642349295318127
479,0.013306166652390468,3.6516797840595245,0.0024588948648930193,3.524988293647766,0.010847271744361413,0.1266915826126933,1.0,0.5474137931034483,0.07773149825100388,0.29211699962615967
480,0.012762723690164941,3.571845695376396,0.002319966053099571,3.439261555671692,0.010442757588212512,0.13258414436131716,1.0,0.5603448275862069,0.0749905199211623,0.2996163181960583
481,0.012679479425839548,3.595294639468193,0.0028138678130095024,3.4639279395341873,0.009865611650249255,0.13136671762913465,0.9994416527079844,0.5517241379310345,0.0730242886846619,0.29703781194984913
482,0.01221041995034154,3.6444602012634277,0.002389321585984102,3.5097865015268326,0.009821098418407408,0.1346736690029502,0.9994416527079844,0.5474137931034483,0.07320042859230723,0.30107443407177925
483,0.012096652470063418,3.6555224657058716,0.0029485222348739626,3.5248313695192337,0.009148130334714162,0.13069107104092836,0.9994416527079844,0.5431034482758621,0.07012172475723284,0.2977239526808262
484,0.01083007245324552,3.6085665225982666,0.0020832302065433134,3.477400839328766,0.008746842288279108,0.13116574846208096,1.0,0.5560344827586207,0.06846539942281586,0.29786805249750614
485,0.010397709922731988,3.671768933534622,0.0020792883899827886,3.5330164432525635,0.008318421555616493,0.1387525787577033,1.0,0.5517241379310345,0.06628487185974206,0.30727922171354294
486,0.010761882361423756,3.644656538963318,0.0025012986303149126,3.5069432109594345,0.008260583687972809,0.1377133298665285,0.9994416527079844,0.5517241379310345,0.06637751144756164,0.3042869567871094
487,0.011253962110328888,3.668036848306656,0.002971609861041153,3.529673933982849,0.008282352280470409,0.13836288172751665,0.9988833054159687,0.5474137931034483,0.06699723078470145,0.3057567272335291
488,0.01049264712492004,3.647331655025482,0.0025348924661687177,3.512096270918846,0.007957754698249378,0.13523538038134575,0.9994416527079844,0.5603448275862069,0.06465918218184795,0.2996407486498356
489,0.009898049989715219,3.693055212497711,0.0018260452125105076,3.557454064488411,0.008072004774086443,0.13560114987194538,1.0,0.5474137931034483,0.0642678862703698,0.3021168652921915
490,0.009191764510303204,3.6554263532161713,0.0018879265397637418,3.517230212688446,0.007303837961184659,0.13819620665162802,1.0,0.5603448275862069,0.061837428848126104,0.30519718304276466
491,0.009402803897890928,3.671782076358795,0.002204677737089306,3.5405484288930893,0.007198126121823277,0.13123367354273796,0.9994416527079844,0.5517241379310345,0.061802915164402554,0.2977783791720867
492,0.010880036911528026,3.7039000391960144,0.0037344051524996758,3.57155242562294,0.00714563176318604,0.1323475604876876,0.9988833054159687,0.5517241379310345,0.06125150714069605,0.29824190214276314
493,0.03202565789355764,3.994535803794861,0.0204357971020467,3.8560941219329834,0.011589860697443197,0.13844167813658714,0.9960915689558906,0.4956896551724138,0.07534399635291525,0.3117728643119335
494,0.04773096474985193,3.329365164041519,0.033446398127125576,3.205541044473648,0.014284566202799656,0.12382411863654852,0.9905080960357342,0.5732758620689655,0.08485916656042848,0.29498543217778206
495,0.04647160740569234,3.6178804337978363,0.02953114161625438,3.4961108565330505,0.016940465895459056,0.12176956795156002,0.989391401451703,0.5689655172413793,0.09545696972470198,0.28825231827795506
496,0.02162785149578537,3.8261532187461853,0.00787206949618329,3.7075929641723633,0.013755781983491033,0.11856015119701624,0.998324958123953,0.5258620689655172,0.0862039238480585,0.2859374675899744
497,0.020175641535648277,3.682007521390915,0.00924211669293332,3.5592896044254303,0.01093352458805644,0.12271795608103275,0.998324958123953,0.5603448275862069,0.07744333467313222,0.28459264524281025
498,0.07547577144578099,3.847087934613228,0.058709621989692096,3.7281253039836884,0.01676614908501506,0.11896259803324938,0.9843662758235623,0.5603448275862069,0.09310447398040976,0.2860392574220896
499,0.1568285427056253,3.316726878285408,0.1255794803063119,3.192791625857353,0.031249063355582102,0.1239353371784091,0.964824120603015,0.5818965517241379,0.13153326604515314,0.2986682504415512
500,0.1216223166058106,3.89220529794693,0.09183665578685966,3.779570132493973,0.029785660611066436,0.11263517942279577,0.9737576772752652,0.5043103448275862,0.13030092524630682,0.2812218852341175
501,0.1104693453692432,3.6440135687589645,0.0844215490755492,3.5243839621543884,0.026047796426740075,0.11962956096976995,0.9798994974874372,0.5258620689655172,0.12191269546747208,0.2892419248819351
502,0.09662194403686694,3.60136441886425,0.07147533353002343,3.476624295115471,0.025146610901824067,0.12474015168845654,0.9798994974874372,0.5560344827586207,0.11917774099856615,0.2937292065471411
503,0.14015755399928562,3.672502189874649,0.11181419804259869,3.557203710079193,0.028343356763278798,0.1152984774671495,0.9704075935231714,0.5603448275862069,0.12651458010077477,0.2862270250916481
504,0.06397185147008193,3.785729229450226,0.037541927264620814,3.6641716063022614,0.026429924332270666,0.1215576222166419,0.9899497487437185,0.5172413793103449,0.12413663669888463,0.28765225410461426
505,0.03269114509956645,3.8695524632930756,0.011421095463447273,3.748137950897217,0.02127004953633462,0.12141456082463264,0.9977666108319375,0.5387931034482759,0.11079492805791753,0.2853823620826006
506,0.02567381559804614,3.8180433809757233,0.006865141329139338,3.698717564344406,0.01880867434998176,0.1193257481791079,1.0,0.5387931034482759,0.10322795755096845,0.28484264574944973
507,0.022834851572822248,3.886259585618973,0.004864190339243838,3.7591957598924637,0.017970661192001507,0.1270638331770897,1.0,0.5387931034482759,0.10099095797964505,0.2909814529120922
508,0.020512020265284394,3.8975285589694977,0.004200694564912867,3.772623524069786,0.016311325748184963,0.12490499578416348,1.0,0.5387931034482759,0.09586236772260495,0.29275431856513023
509,0.018906091040532504,3.9413163363933563,0.0036990569393050726,3.816358119249344,0.015207034219721598,0.12495818547904491,1.0,0.5431034482758621,0.09159100740881902,0.29419581964612007
510,0.01698533829767257,3.920384496450424,0.0034280193457172053,3.796176940202713,0.013557318855808782,0.12420759536325932,1.0,0.5474137931034483,0.08734318494264569,0.2888856530189514
511,0.016782517486717552,3.9234343469142914,0.003160270607622806,3.795636475086212,0.013622246923789914,0.12779787043109536,1.0,0.5431034482758621,0.08630776398682169,0.2956845499575138
512,0.015578132380531835,3.927225649356842,0.002902874957986309,3.806830942630768,0.012675257524408932,0.12039471184834838,1.0,0.5431034482758621,0.08299644830237542,0.28777712769806385
513,0.014856769853005452,3.9676415026187897,0.0028015115583132555,3.83668115735054,0.01205525828325855,0.13096035737544298,1.0,0.5387931034482759,0.08171360447470631,0.2989935092628002
514,0.013687340842027749,3.968314230442047,0.002597233079930967,3.84326234459877,0.01109010774858429,0.12505190540105104,1.0,0.5387931034482759,0.07732675756726946,0.29126744717359543
515,0.013505874126816966,3.93565034866333,0.0024799598374686737,3.8102703392505646,0.011025914340279996,0.12537999264895916,1.0,0.5431034482758621,0.0774233987821,0.2931482717394829
516,0.012764703748481614,4.02097150683403,0.002182237725979316,3.896050989627838,0.010582466052645552,0.12492052372545004,1.0,0.5387931034482759,0.0754495730756649,0.29127215780317783
517,0.012404715026994901,3.982159346342087,0.002296235531892827,3.854632705450058,0.010108479548112623,0.1275266115553677,1.0,0.5431034482758621,0.07337329629808664,0.29624321684241295
518,0.01185774098017386,3.9982378780841827,0.0020966696626731262,3.8737496435642242,0.009761071306586797,0.12448820099234581,1.0,0.5387931034482759,0.07237717495965106,0.2942845243960619
519,0.011141398547416819,3.993613690137863,0.0019231071762208427,3.857859641313553,0.009218291367038287,0.13575408048927784,1.0,0.5431034482758621,0.06994538368391139,0.3069379609078169
520,0.010504512989427894,4.020599007606506,0.0017759775146259926,3.8909215331077576,0.008728535484156705,0.1296774037182331,1.0,0.5431034482758621,0.06767446827143431,0.297448942437768
521,0.010103868262376636,4.02166274189949,0.0017152583854372746,3.889857918024063,0.008388609879018207,0.1318048369139433,1.0,0.5431034482758621,0.06608329746606094,0.3008292689919472
522,0.009722476168203034,4.043066114187241,0.001634361167816678,3.9072085320949554,0.008088115070547377,0.13585759419947863,1.0,0.5431034482758621,0.06504970788955688,0.30547017976641655
523,0.009289284278306045,4.0404088497161865,0.0015973125851555128,3.9078429639339447,0.007691971629226048,0.13256583455950022,1.0,0.5431034482758621,0.06311726437083312,0.3022778630256653
524,0.008993636879105387,4.050033450126648,0.0015419052267264175,3.9147914946079254,0.007451731632629942,0.13524196110665798,1.0,0.5431034482758621,0.06225578832839217,0.30307599157094955
525,0.00901475815252135,4.057739078998566,0.0014386691218533088,3.9235037863254547,0.007576088998965653,0.13423531129956245,1.0,0.5431034482758621,0.06275628487180386,0.30237937718629837
526,0.008613732809733068,4.092361658811569,0.001630224999514342,3.957410156726837,0.006983507802942768,0.1349515113979578,1.0,0.5387931034482759,0.059499175287783146,0.30527058243751526
527,0.008271551437376599,4.0865494310855865,0.001442565173679863,3.944070428609848,0.006828986266295293,0.14247905556112528,1.0,0.5387931034482759,0.058246466131614785,0.31159706972539425
528,0.008299697423353791,4.073670983314514,0.0014717334595064,3.9287078380584717,0.006827963952673599,0.14496312197297812,1.0,0.5474137931034483,0.05950856880683984,0.31511083617806435
529,0.008107695179725332,4.069204330444336,0.0016274540638343232,3.9240651428699493,0.006480241077952087,0.14513922948390245,1.0,0.5517241379310345,0.058664087139602215,0.31309011578559875
530,0.010370527177916042,4.060851722955704,0.0032428414217845003,3.909045934677124,0.007127685771722879,0.1518057845532894,0.9988833054159687,0.5474137931034483,0.061268393016819446,0.32093843072652817
531,0.008578509607884501,4.07508784532547,0.001624455657292856,3.9316518306732178,0.0069540539656632715,0.14343604259192944,1.0,0.5431034482758621,0.060528322256037166,0.313252504914999
532,0.007957186616425003,4.134731233119965,0.0014608604454094478,3.9922606348991394,0.0064963261455497035,0.1424706159159541,1.0,0.5431034482758621,0.05846126889809966,0.3093592971563339
533,0.011938682191872172,4.157023906707764,0.004695370554795123,4.006324887275696,0.007243311527417973,0.15069904550909996,0.9994416527079844,0.5474137931034483,0.062122224031814506,0.31641122698783875
534,0.008639155521190591,4.083100259304047,0.00166876063667587,3.9371924996376038,0.006970394835142153,0.14590776339173317,1.0,0.5560344827586207,0.06089826041300382,0.3111428115516901
535,0.0073915335815399885,4.090685307979584,0.0013454445974535442,3.9434182941913605,0.006046088986165289,0.14726703148335218,1.0,0.5646551724137931,0.05686356932190912,0.31527983397245407
536,0.0067025337484665215,4.147307574748993,0.0011905043775186641,4.005143314599991,0.0055120293982326984,0.14216426480561495,1.0,0.5560344827586207,0.05331595627857106,0.3097821306437254
537,0.0082983954260791,4.24652174115181,0.0028558012184346027,4.108683347702026,0.0054425942466228405,0.1378383981063962,0.9988833054159687,0.5560344827586207,0.05269236463521208,0.304323960095644
538,0.00881378653243051,4.082089573144913,0.0034463410208575495,3.9444200098514557,0.005367445576536868,0.13766956329345703,0.998324958123953,0.5560344827586207,0.05267969864819731,0.30570233799517155
539,0.009073503365341042,4.152310997247696,0.0036677476065441234,4.0048311948776245,0.005405755736449335,0.1474798247218132,0.9994416527079844,0.5474137931034483,0.052465560214061825,0.31127623096108437
540,0.011166548809602059,4.017955332994461,0.004950987570087558,3.8777174949645996,0.00621556126861833,0.14023784548044205,0.998324958123953,0.5431034482758621,0.05555168479414923,0.3100226856768131
541,0.01585975191223302,4.100885182619095,0.00919779387446137,3.9676449298858643,0.006661958273200851,0.13324021734297276,0.9972082635399219,0.5603448275862069,0.05916974374226162,0.3005996160209179
542,0.007695927301288715,4.1032475233078,0.0017422724616023646,3.9675149619579315,0.005953654833969527,0.13573249569162726,1.0,0.5560344827586207,0.05530751682817936,0.30225538834929466
543,0.006221791072415986,4.043453574180603,0.001256649574185888,3.907598614692688,0.00496514151122288,0.13585506612434983,1.0,0.5560344827586207,0.050074622234595675,0.29898940585553646
544,0.006115838943514973,4.095095098018646,0.0012832110125080881,3.958745628595352,0.004832627937763131,0.13634943962097168,1.0,0.5646551724137931,0.04933712491765618,0.29983167350292206
545,0.005902832324084427,4.1159707903862,0.001113886886741966,3.978939175605774,0.0047889454851558965,0.13703155610710382,1.0,0.5603448275862069,0.04914253787137568,0.3031813595443964
546,0.01375505086616613,4.029638856649399,0.007103418774412213,3.885095536708832,0.006651632242470181,0.14454331435263157,0.9988833054159687,0.5689655172413793,0.054630565523569076,0.3118656985461712
547,0.03495912070086758,4.480879217386246,0.02524197012982248,4.342711389064789,0.009717150333537055,0.1381678283214569,0.9944165270798436,0.5344827586206896,0.07079983555844852,0.3046584241092205
548,0.26211505635209115,4.124698668718338,0.23205398748541484,3.9818112403154373,0.030061069576601897,0.1428873473778367,0.9525404801786711,0.5560344827586207,0.1238374515835728,0.3102465718984604
549,0.3959125888400844,3.7547958493232727,0.35065142928423093,3.6193040013313293,0.04526115897377687,0.13549183122813702,0.9140145170295924,0.5560344827586207,0.16038014433745826,0.29946044832468033
550,0.20052729680069856,3.76833812892437,0.16315562993154994,3.6149595230817795,0.037371666536533406,0.15337862446904182,0.9536571747627024,0.5129310344827587,0.1476974214560219,0.32544913701713085
551,0.10369355454375702,3.596688613295555,0.07300507556647062,3.456270396709442,0.030688478062594577,0.14041823148727417,0.977107761027359,0.521551724137931,0.13274317580674375,0.30604347586631775
552,0.06097333652100393,3.772625297307968,0.03412057094309213,3.632640838623047,0.02685276575253478,0.13998447451740503,0.993858179787828,0.5043103448275862,0.1241380147902029,0.30975346080958843
553,0.03867365469756935,3.746172785758972,0.01669404735522611,3.596746489405632,0.021979607408866286,0.14942626282572746,0.9994416527079844,0.5086206896551724,0.11322095710784197,0.3193138502538204
554,0.03257363530740674,3.758868485689163,0.012071582027212051,3.611192047595978,0.020502053583706065,0.1476764027029276,0.998324958123953,0.5172413793103449,0.10933545524520534,0.3167264759540558
555,0.027509996284996823,3.712867394089699,0.00909000871927544,3.5601984709501266,0.018419987488804117,0.15266898553818464,0.9994416527079844,0.5172413793103449,0.1039332937715309,0.3179518561810255
556,0.022905707608775368,3.809399724006653,0.005889394757105038,3.662047877907753,0.01701631288908954,0.14735185913741589,1.0,0.5129310344827587,0.09876585818294968,0.3125303294509649
557,0.020261687276485776,3.824296236038208,0.00441282112089019,3.6774829030036926,0.01584886629799647,0.14681331347674131,1.0,0.5172413793103449,0.0945225910150579,0.3132653273642063
558,0.018549594179993228,3.875516638159752,0.003970325350694891,3.7226602733135223,0.014579268754459918,0.15285634901374578,1.0,0.5129310344827587,0.0909344324442957,0.3216461315751076
559,0.01851894581756954,3.876958906650543,0.0036023461975024213,3.7229125052690506,0.014916599694905537,0.15404639299958944,1.0,0.5172413793103449,0.09272193103762609,0.32240385562181473
560,0.01633869266204004,3.913372904062271,0.0033165150525746867,3.752350941300392,0.013022177653121096,0.16102194506675005,1.0,0.5172413793103449,0.08530788376395192,0.3307361491024494
561,0.015438234150808836,3.887363940477371,0.003181297523302159,3.7345154881477356,0.012256936552668256,0.15284845791757107,1.0,0.5301724137931034,0.0828404437883624,0.32201334834098816
562,0.015381642850115895,3.911114901304245,0.0029584290459752083,3.7617382258176804,0.012423213804140687,0.14937665592879057,1.0,0.521551724137931,0.08358120040169784,0.31991492211818695
563,0.01421228496058445,3.9311073422431946,0.002723094960466759,3.7783549427986145,0.011489189961659057,0.1527523659169674,1.0,0.5172413793103449,0.07989623424197946,0.3228265233337879
564,0.013299139158334583,3.9665048122406006,0.002596603443505176,3.809261828660965,0.010702535713789985,0.15724292863160372,1.0,0.521551724137931,0.07681460192959223,0.328196132555604
565,0.012709522619843483,3.9401841163635254,0.0024368772719753906,3.7880317121744156,0.010272645266793137,0.15215239208191633,1.0,0.521551724137931,0.07528215214344007,0.3241748996078968
566,0.011850910228011864,3.970914214849472,0.0023406061653596616,3.818395644426346,0.009510304038745485,0.1525185601785779,1.0,0.521551724137931,0.07176806298749787,0.3209676705300808
567,0.011622898904274084,3.96850922703743,0.00224866033698033,3.806226998567581,0.009374238608870655,0.16228228714317083,1.0,0.5301724137931034,0.07095218469787921,0.3340859618037939
568,0.011452325969003141,3.9922484159469604,0.002146571572146578,3.8413948714733124,0.009305754352161395,0.15085351560264826,1.0,0.521551724137931,0.07174602895975113,0.32317808642983437
569,0.011185092277758355,4.0130395591259,0.0022283345939026083,3.8639930486679077,0.008956757748299944,0.14904641266912222,1.0,0.5258620689655172,0.07019313917096172,0.32010721787810326
570,0.010690236364358239,4.045191437005997,0.0022210176778441693,3.886070430278778,0.008469218704184251,0.1591209964826703,1.0,0.5172413793103449,0.0679854143277875,0.33194833248853683
571,0.010113949226381789,4.070160806179047,0.002075930567765941,3.915918081998825,0.008038018688759101,0.1542427372187376,1.0,0.5086206896551724,0.06537469097280077,0.32556596025824547
572,0.012028076095573072,4.086952984333038,0.004147824837543469,3.9262378811836243,0.007880251243477687,0.16071510035544634,0.9994416527079844,0.521551724137931,0.06482382923630732,0.33481913432478905
573,0.009395557214572494,4.079640567302704,0.0018129351031218124,3.9205702543258667,0.0075826221561458495,0.1590703036636114,1.0,0.5129310344827587,0.06373273987056953,0.33335624262690544
574,0.008965045055707119,4.1136636435985565,0.001682549074238133,3.9582536816596985,0.007282495997580034,0.15540996938943863,1.0,0.5172413793103449,0.0629751471403454,0.32747553661465645
575,0.008414609079149418,4.108047276735306,0.0016008882989158987,3.9518746435642242,0.006813720758405647,0.15617259871214628,1.0,0.5172413793103449,0.060050559762333124,0.3273890260607004
576,0.008254546988090234,4.058323621749878,0.0016229497824887013,3.897819221019745,0.006631597252895257,0.16050444543361664,1.0,0.5258620689655172,0.058960593970758576,0.33462944999337196
577,0.008208224408528102,4.119865357875824,0.0014597390285676479,3.957399070262909,0.006748485378921032,0.16246633511036634,1.0,0.5129310344827587,0.0604467034739043,0.3343094978481531
578,0.007783701273313325,4.148632854223251,0.001435175706449497,3.990327477455139,0.006348525552311912,0.1583053832873702,1.0,0.5172413793103449,0.058556656419698684,0.3302658423781395
579,0.007572533504571766,4.128803759813309,0.0014176403549624541,3.966043323278427,0.0061548931740357405,0.16276035830378532,1.0,0.5172413793103449,0.05632659500198705,0.3366704061627388
580,0.008271592178581548,4.097019165754318,0.0022950260135985445,3.9189089238643646,0.00597656612184697,0.17811028845608234,0.9994416527079844,0.5344827586206896,0.0563612423970231,0.35010737366974354
581,0.009753177183613713,4.130415201187134,0.003882956855834761,3.9629514813423157,0.005870220301273678,0.16746374685317278,0.9994416527079844,0.5086206896551724,0.05486615700647235,0.34021137095987797
582,0.0070766202614842245,4.156449198722839,0.0013897305127881867,3.992253303527832,0.005686889745577771,0.16419591009616852,1.0,0.5086206896551724,0.05512957660747426,0.33595193549990654
583,0.0067881906829175675,4.1529762744903564,0.001292090263762345,3.9892002642154694,0.005496100435266271,0.16377603355795145,1.0,0.5086206896551724,0.053787939849176576,0.3370452057570219
584,0.006238158808888069,4.1726199090480804,0.0012248679855214764,4.015270352363586,0.005013290825965149,0.15734956786036491,1.0,0.521551724137931,0.05104135376002107,0.33166953921318054
585,0.006129244346604017,4.197255641222,0.0013310291532044566,4.032774448394775,0.004798215186123603,0.16448115278035402,1.0,0.5129310344827587,0.04929088767884033,0.3382263295352459
586,0.0057410299279061815,4.171391397714615,0.001084889712988765,4.003295689821243,0.0046561402601322955,0.16809570603072643,1.0,0.5129310344827587,0.04790156500946198,0.3429783508181572
587,0.00564809180962454,4.223064571619034,0.001106303808098476,4.057394415140152,0.004541787963327286,0.1656701685860753,1.0,0.5172413793103449,0.04768795234018138,0.3400609791278839
588,0.005726807251838701,4.24325692653656,0.0010732508250969528,4.0807786881923676,0.004653556457404713,0.16247820388525724,1.0,0.5129310344827587,0.04865707360607173,0.3353513106703758
589,0.005378312165183681,4.23465558886528,0.0010193734311282501,4.066070199012756,0.004358938755883303,0.16858545411378145,1.0,0.5129310344827587,0.047170727380684445,0.34223515912890434
590,0.005405908828834072,4.26854082942009,0.0010466900992988875,4.11109721660614,0.004359218749284212,0.1574436603114009,1.0,0.5172413793103449,0.0470361382966595,0.3301677443087101
591,0.0049552034428675795,4.257075250148773,0.0009488992932996812,4.091586470603943,0.004006304175293606,0.16548879258334637,1.0,0.5172413793103449,0.04513697465881705,0.34087587147951126
592,0.004699301500555261,4.265880614519119,0.0009136094374428337,4.101180821657181,0.0037856920410246986,0.16469984874129295,1.0,0.5172413793103449,0.043100899850417464,0.33994125202298164
593,0.004636488301912323,4.287124484777451,0.0008895664349048664,4.123572260141373,0.0037469218555738087,0.16355225071310997,1.0,0.5086206896551724,0.04323172928499324,0.3389885686337948
594,0.004510647359503699,4.290597707033157,0.0009164128984723772,4.121337443590164,0.003594234479740927,0.16926027927547693,1.0,0.5172413793103449,0.04193223131421421,0.3451038971543312
595,0.004474042804629009,4.284910410642624,0.0008620142242372302,4.120988249778748,0.00361202860949561,0.16392217855900526,1.0,0.5172413793103449,0.04291719544146742,0.3377969227731228
596,0.004548868837965918,4.371970176696777,0.0008192463543049858,4.20449960231781,0.0037296224992522703,0.16747053433209658,1.0,0.5086206896551724,0.04299750348686108,0.34331197291612625
597,0.004585748442748029,4.36474284529686,0.0008030710546985834,4.198193520307541,0.0037826774309256245,0.16654922161251307,1.0,0.5129310344827587,0.043395331827923656,0.34338467195630074
598,0.004312934206349642,4.359843134880066,0.0007805036839272361,4.196596086025238,0.003532430514626737,0.16324705723673105,1.0,0.5172413793103449,0.041731008827420216,0.3389617130160332
599,0.0042866355735376215,4.381429851055145,0.0007632766352929009,4.213224530220032,0.0035233589317483294,0.1682052854448557,1.0,0.5129310344827587,0.041194918931328824,0.3437918424606323
600,0.004126899110685501,4.390466570854187,0.0007360892679051696,4.225232750177383,0.0033908098557731137,0.16523383278399706,1.0,0.5172413793103449,0.04105474187859467,0.3432518672198057
